uuid,Primary_Author,Title,Published,Page,DocType,Culture,Region,Subregion,Subsistence,OCM,IDs,Permalink
3a636052-3bd7-417b-ac6f-50f62b00baaa,"Price, Richard, 1941-","Saramaka social structure: analysis of a maroon society in
         Surinam",1975,36,Monograph,Saramaka,South America,Amazon and Orinoco,other subsistence combinations,,"578,613,626,627,762,775",https://ehrafworldcultures.yale.edu/sres/3a636052-3bd7-417b-ac6f-50f62b00baaa
db376e32-2974-4084-94a5-c9dc933a1207,"Price, Richard, 1941-","Saramaka social structure: analysis of a maroon society in
         Surinam",1975,37,Monograph,Saramaka,South America,Amazon and Orinoco,other subsistence combinations,,"626,627,775",https://ehrafworldcultures.yale.edu/sres/db376e32-2974-4084-94a5-c9dc933a1207
ef6d2f90-de3f-4c98-88fc-1f9029f0f4af,"Price, Richard, 1941-","Saramaka social structure: analysis of a maroon society in
         Surinam",1975,158,Monograph,Saramaka,South America,Amazon and Orinoco,other subsistence combinations,,"121,626,627,787",https://ehrafworldcultures.yale.edu/sres/ef6d2f90-de3f-4c98-88fc-1f9029f0f4af
4a1c713f-c3f7-4a5c-98ad-239cad946d7a,"Price, Sally",Co-wives and calabashes,1993,41,Monograph,Saramaka,South America,Amazon and Orinoco,other subsistence combinations,,"521,626,681,837",https://ehrafworldcultures.yale.edu/sres/4a1c713f-c3f7-4a5c-98ad-239cad946d7a
0293386f-c317-4226-80d0-e90003665682,"Price, Richard, 1941-",Culture summary: Saramaka,1999,5,Manuscript,Saramaka,South America,Amazon and Orinoco,other subsistence combinations,,"627,681,684",https://ehrafworldcultures.yale.edu/sres/0293386f-c317-4226-80d0-e90003665682
1688be17-99b7-4e28-b18a-7a9b9627371c,"Price, Richard, 1941-","Saramaka social structure: analysis of a maroon society in
         Surinam",1975,43,Monograph,Saramaka,South America,Amazon and Orinoco,other subsistence combinations,,"178,627,683,787",https://ehrafworldcultures.yale.edu/sres/1688be17-99b7-4e28-b18a-7a9b9627371c
9b120790-7d13-4ca5-b37f-0f24295328f0,"Price, Richard, 1941-","Saramaka social structure: analysis of a maroon society in
         Surinam",1975,56,Monograph,Saramaka,South America,Amazon and Orinoco,other subsistence combinations,,"582,586,602,613,627,684",https://ehrafworldcultures.yale.edu/sres/9b120790-7d13-4ca5-b37f-0f24295328f0
055b30f7-1a25-405b-9313-39227575fcde,"Price, Richard, 1941-",Alabi's world,1990,118,Monograph,Saramaka,South America,Amazon and Orinoco,other subsistence combinations,,"127,627,684",https://ehrafworldcultures.yale.edu/sres/055b30f7-1a25-405b-9313-39227575fcde
06f86ac0-6503-43c0-8092-ba602004335e,"Price, Richard, 1941-",Alabi's world,1990,118,Monograph,Saramaka,South America,Amazon and Orinoco,other subsistence combinations,,"627,684",https://ehrafworldcultures.yale.edu/sres/06f86ac0-6503-43c0-8092-ba602004335e
c6420ad6-a029-46f7-8f42-260e225bf50b,"Price, Richard, 1941-",Alabi's world,1990,118,Monograph,Saramaka,South America,Amazon and Orinoco,other subsistence combinations,,"627,684",https://ehrafworldcultures.yale.edu/sres/c6420ad6-a029-46f7-8f42-260e225bf50b
e8cc77ba-2ffc-469d-8ddb-a0ec4922e09e,"Price, Richard, 1941-",Alabi's world,1990,119,Monograph,Saramaka,South America,Amazon and Orinoco,other subsistence combinations,,"627,684",https://ehrafworldcultures.yale.edu/sres/e8cc77ba-2ffc-469d-8ddb-a0ec4922e09e
0d6fbea1-76d9-412a-9899-48d3f174587e,"Price, Richard, 1941-",Alabi's world,1990,160,Monograph,Saramaka,South America,Amazon and Orinoco,other subsistence combinations,,"127,567,627,682",https://ehrafworldcultures.yale.edu/sres/0d6fbea1-76d9-412a-9899-48d3f174587e
fa1b3ced-aebe-48dd-bf16-e3b354f7ba8d,"Price, Sally",Co-wives and calabashes,1993,42,Monograph,Saramaka,South America,Amazon and Orinoco,other subsistence combinations,,"157,581,586,595,626,837",https://ehrafworldcultures.yale.edu/sres/fa1b3ced-aebe-48dd-bf16-e3b354f7ba8d
72234640-7e26-4996-ac6d-d78c95dbe60b,"Price, Sally",Co-wives and calabashes,1993,47,Monograph,Saramaka,South America,Amazon and Orinoco,other subsistence combinations,,"586,626,789,837",https://ehrafworldcultures.yale.edu/sres/72234640-7e26-4996-ac6d-d78c95dbe60b
76203289-ceba-42e8-b37e-288f760b9573,"Price, Sally",Co-wives and calabashes,1993,56,Monograph,Saramaka,South America,Amazon and Orinoco,other subsistence combinations,,"578,595,626,789",https://ehrafworldcultures.yale.edu/sres/76203289-ceba-42e8-b37e-288f760b9573
9031c5b0-538d-4bbf-96b9-adc2f104d50d,"Price, Sally",Co-wives and calabashes,1993,171,Monograph,Saramaka,South America,Amazon and Orinoco,other subsistence combinations,,"195,521,533,626",https://ehrafworldcultures.yale.edu/sres/9031c5b0-538d-4bbf-96b9-adc2f104d50d
00afbe41-2c23-4d56-bdfd-33def32238e5,"Price, Sally",Co-wives and calabashes,1993,178,Monograph,Saramaka,South America,Amazon and Orinoco,other subsistence combinations,,"533,626",https://ehrafworldcultures.yale.edu/sres/00afbe41-2c23-4d56-bdfd-33def32238e5
a93b380f-8e3e-45f8-ac95-effdead003ad,"Price, Sally",Co-wives and calabashes,1993,179,Monograph,Saramaka,South America,Amazon and Orinoco,other subsistence combinations,,"533,626",https://ehrafworldcultures.yale.edu/sres/a93b380f-8e3e-45f8-ac95-effdead003ad
9b73b6ba-806b-428f-b9e8-f3579e80e3c8,"Price, Sally",Co-wives and calabashes,1993,182,Monograph,Saramaka,South America,Amazon and Orinoco,other subsistence combinations,,"533,626",https://ehrafworldcultures.yale.edu/sres/9b73b6ba-806b-428f-b9e8-f3579e80e3c8
dbe92bd5-475d-4bb7-af49-63a9817bc2a9,"Herskovits, Melville Jean, 1895-1963",Rebel destiny: among the bush Negroes of Dutch Guiana,1934,[148],Monograph,Saramaka,South America,Amazon and Orinoco,other subsistence combinations,,"578,626,776",https://ehrafworldcultures.yale.edu/sres/dbe92bd5-475d-4bb7-af49-63a9817bc2a9
22214d89-54e8-4882-b8a5-cf45faafebae,"Herskovits, Melville Jean, 1895-1963",Rebel destiny: among the bush Negroes of Dutch Guiana,1934,[149],Monograph,Saramaka,South America,Amazon and Orinoco,other subsistence combinations,,"578,626,776",https://ehrafworldcultures.yale.edu/sres/22214d89-54e8-4882-b8a5-cf45faafebae
438da453-97a0-4357-a9a9-bd3ac81fd0f2,"Herskovits, Melville Jean, 1895-1963",Rebel destiny: among the bush Negroes of Dutch Guiana,1934,[149],Monograph,Saramaka,South America,Amazon and Orinoco,other subsistence combinations,,"578,626,776,783",https://ehrafworldcultures.yale.edu/sres/438da453-97a0-4357-a9a9-bd3ac81fd0f2
c7ea5fb7-74a4-46fb-92dd-7fa73a8da459,"Herskovits, Melville Jean, 1895-1963",Rebel destiny: among the bush Negroes of Dutch Guiana,1934,[149],Monograph,Saramaka,South America,Amazon and Orinoco,other subsistence combinations,,"578,626,776",https://ehrafworldcultures.yale.edu/sres/c7ea5fb7-74a4-46fb-92dd-7fa73a8da459
46b0fad1-cc07-4c7f-bf07-6ecb519d5f55,"Herskovits, Melville Jean, 1895-1963",Rebel destiny: among the bush Negroes of Dutch Guiana,1934,[149],Monograph,Saramaka,South America,Amazon and Orinoco,other subsistence combinations,,"578,626,776",https://ehrafworldcultures.yale.edu/sres/46b0fad1-cc07-4c7f-bf07-6ecb519d5f55
2905c335-ae5a-441d-8303-b030ec17be60,"Herskovits, Melville Jean, 1895-1963",Rebel destiny: among the bush Negroes of Dutch Guiana,1934,[149],Monograph,Saramaka,South America,Amazon and Orinoco,other subsistence combinations,,"578,626,776",https://ehrafworldcultures.yale.edu/sres/2905c335-ae5a-441d-8303-b030ec17be60
c3032d89-f19e-4b8e-a744-acca5f0478bb,"Herskovits, Melville Jean, 1895-1963",Rebel destiny: among the bush Negroes of Dutch Guiana,1934,[149],Monograph,Saramaka,South America,Amazon and Orinoco,other subsistence combinations,,"578,626,776",https://ehrafworldcultures.yale.edu/sres/c3032d89-f19e-4b8e-a744-acca5f0478bb
ce073dd1-4c1d-47a5-96be-bc4898c87994,"Herskovits, Melville Jean, 1895-1963",Rebel destiny: among the bush Negroes of Dutch Guiana,1934,[149],Monograph,Saramaka,South America,Amazon and Orinoco,other subsistence combinations,,"578,626,774,776",https://ehrafworldcultures.yale.edu/sres/ce073dd1-4c1d-47a5-96be-bc4898c87994
ff2850a5-5644-4195-9215-724060ee7467,"Herskovits, Melville Jean, 1895-1963",Rebel destiny: among the bush Negroes of Dutch Guiana,1934,[150],Monograph,Saramaka,South America,Amazon and Orinoco,other subsistence combinations,,"578,626,776",https://ehrafworldcultures.yale.edu/sres/ff2850a5-5644-4195-9215-724060ee7467
cc2780cb-9596-4516-8268-cf848e6572c3,"Herskovits, Melville Jean, 1895-1963",Rebel destiny: among the bush Negroes of Dutch Guiana,1934,[150],Monograph,Saramaka,South America,Amazon and Orinoco,other subsistence combinations,,"538,578,626,776",https://ehrafworldcultures.yale.edu/sres/cc2780cb-9596-4516-8268-cf848e6572c3
6db604f8-af74-49df-828e-8db12f47c221,"Herskovits, Melville Jean, 1895-1963",Rebel destiny: among the bush Negroes of Dutch Guiana,1934,[284],Monograph,Saramaka,South America,Amazon and Orinoco,other subsistence combinations,,"181,532,626,840",https://ehrafworldcultures.yale.edu/sres/6db604f8-af74-49df-828e-8db12f47c221
3a55cbc7-a084-42d1-83c4-923dffb9a8b5,"Herskovits, Melville Jean, 1895-1963",Rebel destiny: among the bush Negroes of Dutch Guiana,1934,[303],Monograph,Saramaka,South America,Amazon and Orinoco,other subsistence combinations,,"585,626,831",https://ehrafworldcultures.yale.edu/sres/3a55cbc7-a084-42d1-83c4-923dffb9a8b5
c1396331-98af-4c89-be8c-5849b2b4295f,"Herskovits, Melville Jean, 1895-1963",Rebel destiny: among the bush Negroes of Dutch Guiana,1934,[303],Monograph,Saramaka,South America,Amazon and Orinoco,other subsistence combinations,,"585,626,831",https://ehrafworldcultures.yale.edu/sres/c1396331-98af-4c89-be8c-5849b2b4295f
7625719b-b9e0-4956-9d9e-faa2888b7216,"Herskovits, Melville Jean, 1895-1963",Rebel destiny: among the bush Negroes of Dutch Guiana,1934,[303],Monograph,Saramaka,South America,Amazon and Orinoco,other subsistence combinations,,"585,626,831",https://ehrafworldcultures.yale.edu/sres/7625719b-b9e0-4956-9d9e-faa2888b7216
f0ee85d3-b4cc-4870-9b2d-56565faa4e11,"Herskovits, Melville Jean, 1895-1963",Rebel destiny: among the bush Negroes of Dutch Guiana,1934,[303],Monograph,Saramaka,South America,Amazon and Orinoco,other subsistence combinations,,"585,626,831",https://ehrafworldcultures.yale.edu/sres/f0ee85d3-b4cc-4870-9b2d-56565faa4e11
3889bc31-92f5-42aa-8a6f-3206d5898d57,"Herskovits, Melville Jean, 1895-1963",Rebel destiny: among the bush Negroes of Dutch Guiana,1934,[303],Monograph,Saramaka,South America,Amazon and Orinoco,other subsistence combinations,,"585,626,831",https://ehrafworldcultures.yale.edu/sres/3889bc31-92f5-42aa-8a6f-3206d5898d57
02150146-63fe-4c58-97b1-b2270d1211f9,"Herskovits, Melville Jean, 1895-1963",Rebel destiny: among the bush Negroes of Dutch Guiana,1934,[303],Monograph,Saramaka,South America,Amazon and Orinoco,other subsistence combinations,,"585,626,831",https://ehrafworldcultures.yale.edu/sres/02150146-63fe-4c58-97b1-b2270d1211f9
4782369b-abbb-4819-b2f4-4dc7080db5d1,"Price, Richard, 1941-","Saramaka social structure: analysis of a maroon society in
         Surinam",1975,33,Monograph,Saramaka,South America,Amazon and Orinoco,other subsistence combinations,,"157,577,578,626,868",https://ehrafworldcultures.yale.edu/sres/4782369b-abbb-4819-b2f4-4dc7080db5d1
ad2b90fe-12bb-4541-b7df-0e396df12bd9,"Price, Richard, 1941-","Saramaka social structure: analysis of a maroon society in
         Surinam",1975,34,Monograph,Saramaka,South America,Amazon and Orinoco,other subsistence combinations,,"5310,571,577,626",https://ehrafworldcultures.yale.edu/sres/ad2b90fe-12bb-4541-b7df-0e396df12bd9
d167dad7-7695-40c4-ae05-f859c91feb6c,"Price, Richard, 1941-","Saramaka social structure: analysis of a maroon society in
         Surinam",1975,37,Monograph,Saramaka,South America,Amazon and Orinoco,other subsistence combinations,,"626,753,775,829",https://ehrafworldcultures.yale.edu/sres/d167dad7-7695-40c4-ae05-f859c91feb6c
e3b90f6d-c0a5-4241-87f8-6b87e2a71aa4,"Price, Richard, 1941-","Saramaka social structure: analysis of a maroon society in
         Surinam",1975,42,Monograph,Saramaka,South America,Amazon and Orinoco,other subsistence combinations,,"626,787",https://ehrafworldcultures.yale.edu/sres/e3b90f6d-c0a5-4241-87f8-6b87e2a71aa4
dbd4ecb9-6782-4fc3-a10d-21a70e7161a1,"Price, Richard, 1941-","Saramaka social structure: analysis of a maroon society in
         Surinam",1975,47,Monograph,Saramaka,South America,Amazon and Orinoco,other subsistence combinations,,"5310,578,613,626",https://ehrafworldcultures.yale.edu/sres/dbd4ecb9-6782-4fc3-a10d-21a70e7161a1
fc8a2670-53c3-4e24-948d-30694025cf3b,"Price, Richard, 1941-","Saramaka social structure: analysis of a maroon society in
         Surinam",1975,48,Monograph,Saramaka,South America,Amazon and Orinoco,other subsistence combinations,,"577,613,626,775,776",https://ehrafworldcultures.yale.edu/sres/fc8a2670-53c3-4e24-948d-30694025cf3b
14f03edb-467a-4b20-aa5a-ed006fd708bb,"Price, Richard, 1941-","Saramaka social structure: analysis of a maroon society in
         Surinam",1975,113,Monograph,Saramaka,South America,Amazon and Orinoco,other subsistence combinations,,"178,591,626,787",https://ehrafworldcultures.yale.edu/sres/14f03edb-467a-4b20-aa5a-ed006fd708bb
db0bb39a-3a33-482d-9081-715666411919,"Price, Richard, 1941-","Saramaka social structure: analysis of a maroon society in
         Surinam",1975,159,Monograph,Saramaka,South America,Amazon and Orinoco,other subsistence combinations,,"121,621,626",https://ehrafworldcultures.yale.edu/sres/db0bb39a-3a33-482d-9081-715666411919
0f57a1b7-82a2-4469-a65c-82dc33d77813,"Price, Sally",Co-wives and calabashes,1993,69,Monograph,Saramaka,South America,Amazon and Orinoco,other subsistence combinations,,"114,578,627,824",https://ehrafworldcultures.yale.edu/sres/0f57a1b7-82a2-4469-a65c-82dc33d77813
a9d4706e-f662-415c-a158-535cc6d9fb6f,"Herskovits, Melville Jean, 1895-1963",Rebel destiny: among the bush Negroes of Dutch Guiana,1934,[71],Monograph,Saramaka,South America,Amazon and Orinoco,other subsistence combinations,,"627,754,762,776",https://ehrafworldcultures.yale.edu/sres/a9d4706e-f662-415c-a158-535cc6d9fb6f
e7557309-9e34-4089-b382-ad324087b4bb,"Herskovits, Melville Jean, 1895-1963",Rebel destiny: among the bush Negroes of Dutch Guiana,1934,[197],Monograph,Saramaka,South America,Amazon and Orinoco,other subsistence combinations,,627,https://ehrafworldcultures.yale.edu/sres/e7557309-9e34-4089-b382-ad324087b4bb
12a326fb-7a38-4bcb-ba05-de2d29475539,"Herskovits, Melville Jean, 1895-1963",Rebel destiny: among the bush Negroes of Dutch Guiana,1934,[197],Monograph,Saramaka,South America,Amazon and Orinoco,other subsistence combinations,,627,https://ehrafworldcultures.yale.edu/sres/12a326fb-7a38-4bcb-ba05-de2d29475539
b9ef5d52-4d27-43de-8a1c-59ca2b411a20,"Price, Richard, 1941-","Saramaka social structure: analysis of a maroon society in
         Surinam",1975,128,Monograph,Saramaka,South America,Amazon and Orinoco,other subsistence combinations,,"428,613,627",https://ehrafworldcultures.yale.edu/sres/b9ef5d52-4d27-43de-8a1c-59ca2b411a20
40bdb3db-ce3f-49d6-abb3-f85f2d36ffb5,"Price, Richard, 1941-",Alabi's world,1990,231,Monograph,Saramaka,South America,Amazon and Orinoco,other subsistence combinations,,"622,627,797",https://ehrafworldcultures.yale.edu/sres/40bdb3db-ce3f-49d6-abb3-f85f2d36ffb5
4bf0d163-5c38-4514-8736-0c64e4fa6fad,"Price, Richard, 1941-",Alabi's world,1990,231,Monograph,Saramaka,South America,Amazon and Orinoco,other subsistence combinations,,"127,622,627,797",https://ehrafworldcultures.yale.edu/sres/4bf0d163-5c38-4514-8736-0c64e4fa6fad
06e146a2-ed5c-451a-a3ad-172daba3ea0b,"Price, Richard, 1941-",Alabi's world,1990,231,Monograph,Saramaka,South America,Amazon and Orinoco,other subsistence combinations,,"127,622,627,797",https://ehrafworldcultures.yale.edu/sres/06e146a2-ed5c-451a-a3ad-172daba3ea0b
d7ce7c41-f88d-40b5-b222-185b4f35326f,"Price, Richard, 1941-",Alabi's world,1990,373,Monograph,Saramaka,South America,Amazon and Orinoco,other subsistence combinations,,627,https://ehrafworldcultures.yale.edu/sres/d7ce7c41-f88d-40b5-b222-185b4f35326f
39f4a6b6-6855-41ea-927e-3716286f5edb,"Price, Richard, 1941-",Alabi's world,1990,374,Monograph,Saramaka,South America,Amazon and Orinoco,other subsistence combinations,,"127,627",https://ehrafworldcultures.yale.edu/sres/39f4a6b6-6855-41ea-927e-3716286f5edb
47171f5d-1cc5-44c2-bcb1-387de9d2748a,"Price, Richard, 1941-",Alabi's world,1990,92,Monograph,Saramaka,South America,Amazon and Orinoco,other subsistence combinations,,"627,665",https://ehrafworldcultures.yale.edu/sres/47171f5d-1cc5-44c2-bcb1-387de9d2748a
4d34bd35-c492-4dec-bba5-8878e04bc820,"Price, Richard, 1941-",Alabi's world,1990,92,Monograph,Saramaka,South America,Amazon and Orinoco,other subsistence combinations,,"627,665",https://ehrafworldcultures.yale.edu/sres/4d34bd35-c492-4dec-bba5-8878e04bc820
2563c79d-9f1c-42c7-a341-90e519ae75ed,"Price, Richard, 1941-",Alabi's world,1990,92,Monograph,Saramaka,South America,Amazon and Orinoco,other subsistence combinations,,"627,728",https://ehrafworldcultures.yale.edu/sres/2563c79d-9f1c-42c7-a341-90e519ae75ed
ee3499bc-0297-4bc1-b9df-8a0c5e7303c6,"Price, Richard, 1941-",Alabi's world,1990,162,Monograph,Saramaka,South America,Amazon and Orinoco,other subsistence combinations,,"627,797",https://ehrafworldcultures.yale.edu/sres/ee3499bc-0297-4bc1-b9df-8a0c5e7303c6
5026b5ac-7d50-40a7-85b6-76deccb97a8d,"Price, Sally",Co-wives and calabashes,1993,58,Monograph,Saramaka,South America,Amazon and Orinoco,other subsistence combinations,,"684,686,837,838,839",https://ehrafworldcultures.yale.edu/sres/5026b5ac-7d50-40a7-85b6-76deccb97a8d
da28be13-8501-47ca-a237-5646ffeb6fad,"Price, Sally",Co-wives and calabashes,1993,68,Monograph,Saramaka,South America,Amazon and Orinoco,other subsistence combinations,,"431,595,684",https://ehrafworldcultures.yale.edu/sres/da28be13-8501-47ca-a237-5646ffeb6fad
975761e9-db42-43e8-b451-cd001b489e36,"Price, Sally",Co-wives and calabashes,1993,77,Monograph,Saramaka,South America,Amazon and Orinoco,other subsistence combinations,,"586,684",https://ehrafworldcultures.yale.edu/sres/975761e9-db42-43e8-b451-cd001b489e36
3046b45e-895f-40d0-a333-80c3a34ec477,"Price, Sally",Co-wives and calabashes,1993,204,Monograph,Saramaka,South America,Amazon and Orinoco,other subsistence combinations,,681,https://ehrafworldcultures.yale.edu/sres/3046b45e-895f-40d0-a333-80c3a34ec477
bd73dcc4-f47d-48ad-b677-091ebc49c562,"Price, Richard, 1941-","First-time: the historical vision of an Afro-American
         people",1983,145,Monograph,Saramaka,South America,Amazon and Orinoco,other subsistence combinations,,"226,682,761,774,775,884",https://ehrafworldcultures.yale.edu/sres/bd73dcc4-f47d-48ad-b677-091ebc49c562
a4da882c-3076-4dc4-bece-e194d12c4c3d,"Price, Richard, 1941-","First-time: the historical vision of an Afro-American
         people",1983,146,Monograph,Saramaka,South America,Amazon and Orinoco,other subsistence combinations,,"173,226,682,726,761,774,775,884,902",https://ehrafworldcultures.yale.edu/sres/a4da882c-3076-4dc4-bece-e194d12c4c3d
aa844ca0-1a94-4ad3-bbbd-bb87a969dae9,"Price, Richard, 1941-","First-time: the historical vision of an Afro-American
         people",1983,148,Monograph,Saramaka,South America,Amazon and Orinoco,other subsistence combinations,,"173,614,684,902",https://ehrafworldcultures.yale.edu/sres/aa844ca0-1a94-4ad3-bbbd-bb87a969dae9
d803d7d5-594b-4ab0-b47a-adf3cc718c73,"Price, Richard, 1941-","First-time: the historical vision of an Afro-American
         people",1983,154,Monograph,Saramaka,South America,Amazon and Orinoco,other subsistence combinations,,"123,124,173,687",https://ehrafworldcultures.yale.edu/sres/d803d7d5-594b-4ab0-b47a-adf3cc718c73
45b2520c-a271-4da6-82d4-79e0b2d1cb64,"Price, Richard, 1941-","First-time: the historical vision of an Afro-American
         people",1983,154,Monograph,Saramaka,South America,Amazon and Orinoco,other subsistence combinations,,"123,124,173,687",https://ehrafworldcultures.yale.edu/sres/45b2520c-a271-4da6-82d4-79e0b2d1cb64
24ee3d72-895d-4e03-a804-2ef8b5eb146f,"Price, Richard, 1941-","First-time: the historical vision of an Afro-American
         people",1983,167,Monograph,Saramaka,South America,Amazon and Orinoco,other subsistence combinations,,"173,533,614,683,728,754,901,902",https://ehrafworldcultures.yale.edu/sres/24ee3d72-895d-4e03-a804-2ef8b5eb146f
4fd730a2-b1e3-4342-a381-a2598b1ca98d,"Price, Richard, 1941-","First-time: the historical vision of an Afro-American
         people",1983,171,Monograph,Saramaka,South America,Amazon and Orinoco,other subsistence combinations,,"614,683,726,728,754",https://ehrafworldcultures.yale.edu/sres/4fd730a2-b1e3-4342-a381-a2598b1ca98d
49ec360e-e487-45c4-8d08-653473c6db77,"Price, Richard, 1941-","First-time: the historical vision of an Afro-American
         people",1983,171,Monograph,Saramaka,South America,Amazon and Orinoco,other subsistence combinations,,"614,683,728,754",https://ehrafworldcultures.yale.edu/sres/49ec360e-e487-45c4-8d08-653473c6db77
546ab611-ec9c-41d5-b610-6e1c262476c1,"Price, Richard, 1941-","First-time: the historical vision of an Afro-American
         people",1983,171,Monograph,Saramaka,South America,Amazon and Orinoco,other subsistence combinations,,"614,683,728,754",https://ehrafworldcultures.yale.edu/sres/546ab611-ec9c-41d5-b610-6e1c262476c1
1daca9bc-fcd5-436d-ad15-d516d978fcbb,"Price, Richard, 1941-","First-time: the historical vision of an Afro-American
         people",1983,171,Monograph,Saramaka,South America,Amazon and Orinoco,other subsistence combinations,,"614,683,728,754",https://ehrafworldcultures.yale.edu/sres/1daca9bc-fcd5-436d-ad15-d516d978fcbb
d341568a-c825-4a16-99fe-72e5e48b53ff,"Price, Richard, 1941-","First-time: the historical vision of an Afro-American
         people",1983,171,Monograph,Saramaka,South America,Amazon and Orinoco,other subsistence combinations,,"614,683,728,754",https://ehrafworldcultures.yale.edu/sres/d341568a-c825-4a16-99fe-72e5e48b53ff
bdad51b0-4a9c-4888-b711-ed3b438a4cbd,"Price, Richard, 1941-","First-time: the historical vision of an Afro-American
         people",1983,171,Monograph,Saramaka,South America,Amazon and Orinoco,other subsistence combinations,,"614,683,728,754",https://ehrafworldcultures.yale.edu/sres/bdad51b0-4a9c-4888-b711-ed3b438a4cbd
3914fa9f-eaa8-4a95-b0a0-cc91914cacf8,"Price, Richard, 1941-","First-time: the historical vision of an Afro-American
         people",1983,171,Monograph,Saramaka,South America,Amazon and Orinoco,other subsistence combinations,,"614,683,728,754",https://ehrafworldcultures.yale.edu/sres/3914fa9f-eaa8-4a95-b0a0-cc91914cacf8
04502236-1ad0-42f8-9184-de43539fb3bf,"Price, Richard, 1941-","First-time: the historical vision of an Afro-American
         people",1983,171,Monograph,Saramaka,South America,Amazon and Orinoco,other subsistence combinations,,"614,683,728,754",https://ehrafworldcultures.yale.edu/sres/04502236-1ad0-42f8-9184-de43539fb3bf
3141924a-17db-4ca9-abf8-ff5971f0d095,"Price, Richard, 1941-","First-time: the historical vision of an Afro-American
         people",1983,171,Monograph,Saramaka,South America,Amazon and Orinoco,other subsistence combinations,,"614,683,728,754",https://ehrafworldcultures.yale.edu/sres/3141924a-17db-4ca9-abf8-ff5971f0d095
6c70cd4f-7120-4ed5-bd89-f7d662fcd728,"Price, Richard, 1941-","First-time: the historical vision of an Afro-American
         people",1983,171,Monograph,Saramaka,South America,Amazon and Orinoco,other subsistence combinations,,"614,683,728,754",https://ehrafworldcultures.yale.edu/sres/6c70cd4f-7120-4ed5-bd89-f7d662fcd728
4455015e-c2de-46c4-85f7-867fcb8caa92,"Price, Richard, 1941-","First-time: the historical vision of an Afro-American
         people",1983,115,Monograph,Saramaka,South America,Amazon and Orinoco,other subsistence combinations,,"173,361,614,622,648,684,726,902",https://ehrafworldcultures.yale.edu/sres/4455015e-c2de-46c4-85f7-867fcb8caa92
46f3bbbe-ec00-4e5b-abe6-bb2cf6b40c01,"Herskovits, Melville Jean, 1895-1963",Rebel destiny: among the bush Negroes of Dutch Guiana,1934,[xi],Monograph,Saramaka,South America,Amazon and Orinoco,other subsistence combinations,,"487,683",https://ehrafworldcultures.yale.edu/sres/46f3bbbe-ec00-4e5b-abe6-bb2cf6b40c01
eee65112-c215-4151-8d10-52da2e49be30,"Herskovits, Melville Jean, 1895-1963",Rebel destiny: among the bush Negroes of Dutch Guiana,1934,[23],Monograph,Saramaka,South America,Amazon and Orinoco,other subsistence combinations,,"521,684",https://ehrafworldcultures.yale.edu/sres/eee65112-c215-4151-8d10-52da2e49be30
3298e424-6543-4846-8a00-f8ebe670bdfd,"Herskovits, Melville Jean, 1895-1963",Rebel destiny: among the bush Negroes of Dutch Guiana,1934,[45],Monograph,Saramaka,South America,Amazon and Orinoco,other subsistence combinations,,"623,684,775,778",https://ehrafworldcultures.yale.edu/sres/3298e424-6543-4846-8a00-f8ebe670bdfd
9159d15c-93b9-4acb-adeb-2bab30204370,"Herskovits, Melville Jean, 1895-1963",Rebel destiny: among the bush Negroes of Dutch Guiana,1934,[68],Monograph,Saramaka,South America,Amazon and Orinoco,other subsistence combinations,,"241,688,824,825",https://ehrafworldcultures.yale.edu/sres/9159d15c-93b9-4acb-adeb-2bab30204370
8a69859d-bd2f-4a4d-970e-ecf10d590394,"Herskovits, Melville Jean, 1895-1963",Rebel destiny: among the bush Negroes of Dutch Guiana,1934,[69],Monograph,Saramaka,South America,Amazon and Orinoco,other subsistence combinations,,"688,776",https://ehrafworldcultures.yale.edu/sres/8a69859d-bd2f-4a4d-970e-ecf10d590394
b15c5318-4b32-42e0-ae4c-d45b93d1b81b,"Herskovits, Melville Jean, 1895-1963",Rebel destiny: among the bush Negroes of Dutch Guiana,1934,[69],Monograph,Saramaka,South America,Amazon and Orinoco,other subsistence combinations,,"688,755,787,791",https://ehrafworldcultures.yale.edu/sres/b15c5318-4b32-42e0-ae4c-d45b93d1b81b
71a5607a-185b-478f-9396-413619f19982,"Herskovits, Melville Jean, 1895-1963",Rebel destiny: among the bush Negroes of Dutch Guiana,1934,[69],Monograph,Saramaka,South America,Amazon and Orinoco,other subsistence combinations,,688,https://ehrafworldcultures.yale.edu/sres/71a5607a-185b-478f-9396-413619f19982
20ab2bda-3e5a-42a5-bfcf-4926bbdd3f97,"Herskovits, Melville Jean, 1895-1963",Rebel destiny: among the bush Negroes of Dutch Guiana,1934,[69],Monograph,Saramaka,South America,Amazon and Orinoco,other subsistence combinations,,688,https://ehrafworldcultures.yale.edu/sres/20ab2bda-3e5a-42a5-bfcf-4926bbdd3f97
0bf6bf67-2588-4e01-bc43-0fba8de876c5,"Herskovits, Melville Jean, 1895-1963",Rebel destiny: among the bush Negroes of Dutch Guiana,1934,[69],Monograph,Saramaka,South America,Amazon and Orinoco,other subsistence combinations,,688,https://ehrafworldcultures.yale.edu/sres/0bf6bf67-2588-4e01-bc43-0fba8de876c5
ed7ff844-67ff-4da0-8eec-dd1702fb0ee2,"Herskovits, Melville Jean, 1895-1963",Rebel destiny: among the bush Negroes of Dutch Guiana,1934,[69],Monograph,Saramaka,South America,Amazon and Orinoco,other subsistence combinations,,"688,764",https://ehrafworldcultures.yale.edu/sres/ed7ff844-67ff-4da0-8eec-dd1702fb0ee2
01e8ed42-e6d1-41b0-902e-b06910cb73d9,"Herskovits, Melville Jean, 1895-1963",Rebel destiny: among the bush Negroes of Dutch Guiana,1934,[70],Monograph,Saramaka,South America,Amazon and Orinoco,other subsistence combinations,,"224,688,789",https://ehrafworldcultures.yale.edu/sres/01e8ed42-e6d1-41b0-902e-b06910cb73d9
184e3ff2-1bf9-4905-b653-c3a3e4a8870c,"Herskovits, Melville Jean, 1895-1963",Rebel destiny: among the bush Negroes of Dutch Guiana,1934,[70],Monograph,Saramaka,South America,Amazon and Orinoco,other subsistence combinations,,"688,761,776",https://ehrafworldcultures.yale.edu/sres/184e3ff2-1bf9-4905-b653-c3a3e4a8870c
9f082155-30b3-4416-bdcc-e10f93360148,"Herskovits, Melville Jean, 1895-1963",Rebel destiny: among the bush Negroes of Dutch Guiana,1934,[73],Monograph,Saramaka,South America,Amazon and Orinoco,other subsistence combinations,,"684,776",https://ehrafworldcultures.yale.edu/sres/9f082155-30b3-4416-bdcc-e10f93360148
207898b9-9767-4bf1-b8d5-20ed8c55d845,"Herskovits, Melville Jean, 1895-1963",Rebel destiny: among the bush Negroes of Dutch Guiana,1934,[74],Monograph,Saramaka,South America,Amazon and Orinoco,other subsistence combinations,,"628,684",https://ehrafworldcultures.yale.edu/sres/207898b9-9767-4bf1-b8d5-20ed8c55d845
75e380d2-f76c-4f15-9927-03765d0ff76b,"Herskovits, Melville Jean, 1895-1963",Rebel destiny: among the bush Negroes of Dutch Guiana,1934,[74],Monograph,Saramaka,South America,Amazon and Orinoco,other subsistence combinations,,"622,684,754,762,776,778",https://ehrafworldcultures.yale.edu/sres/75e380d2-f76c-4f15-9927-03765d0ff76b
a94f778d-cf1a-47c6-aff0-0ed1c888cfbc,"Herskovits, Melville Jean, 1895-1963",Rebel destiny: among the bush Negroes of Dutch Guiana,1934,[75],Monograph,Saramaka,South America,Amazon and Orinoco,other subsistence combinations,,"684,754,762,776",https://ehrafworldcultures.yale.edu/sres/a94f778d-cf1a-47c6-aff0-0ed1c888cfbc
c4c6d0ea-405d-4e45-b174-8ce45ff4fb97,"Herskovits, Melville Jean, 1895-1963",Rebel destiny: among the bush Negroes of Dutch Guiana,1934,[78],Monograph,Saramaka,South America,Amazon and Orinoco,other subsistence combinations,,"588,681,776,835",https://ehrafworldcultures.yale.edu/sres/c4c6d0ea-405d-4e45-b174-8ce45ff4fb97
85de86e9-1337-43d5-a962-399c2a83fe1a,"Herskovits, Melville Jean, 1895-1963",Rebel destiny: among the bush Negroes of Dutch Guiana,1934,[130],Monograph,Saramaka,South America,Amazon and Orinoco,other subsistence combinations,,"591,609,688",https://ehrafworldcultures.yale.edu/sres/85de86e9-1337-43d5-a962-399c2a83fe1a
534477c1-eb20-4ab8-8c6a-448494725d4b,"Herskovits, Melville Jean, 1895-1963",Rebel destiny: among the bush Negroes of Dutch Guiana,1934,[151],Monograph,Saramaka,South America,Amazon and Orinoco,other subsistence combinations,,"688,776,796,824",https://ehrafworldcultures.yale.edu/sres/534477c1-eb20-4ab8-8c6a-448494725d4b
f084354f-214d-4357-9055-0e1ed9b86649,"Herskovits, Melville Jean, 1895-1963",Rebel destiny: among the bush Negroes of Dutch Guiana,1934,[203],Monograph,Saramaka,South America,Amazon and Orinoco,other subsistence combinations,,"623,681,693",https://ehrafworldcultures.yale.edu/sres/f084354f-214d-4357-9055-0e1ed9b86649
78917b5a-7405-4d5c-9b33-bf3123701cf3,"Herskovits, Melville Jean, 1895-1963",Rebel destiny: among the bush Negroes of Dutch Guiana,1934,[203],Monograph,Saramaka,South America,Amazon and Orinoco,other subsistence combinations,,"623,681,693",https://ehrafworldcultures.yale.edu/sres/78917b5a-7405-4d5c-9b33-bf3123701cf3
fbe21758-e3e7-4222-b7fa-32eef168df1c,"Herskovits, Melville Jean, 1895-1963",Rebel destiny: among the bush Negroes of Dutch Guiana,1934,[203],Monograph,Saramaka,South America,Amazon and Orinoco,other subsistence combinations,,"623,681,683,684,685,693",https://ehrafworldcultures.yale.edu/sres/fbe21758-e3e7-4222-b7fa-32eef168df1c
08acf4b3-b00a-4de0-9109-cccb36179677,"Herskovits, Melville Jean, 1895-1963",Rebel destiny: among the bush Negroes of Dutch Guiana,1934,[204],Monograph,Saramaka,South America,Amazon and Orinoco,other subsistence combinations,,"684,695",https://ehrafworldcultures.yale.edu/sres/08acf4b3-b00a-4de0-9109-cccb36179677
c19b4b69-c522-44cd-93b1-568039bcfada,"Herskovits, Melville Jean, 1895-1963",Rebel destiny: among the bush Negroes of Dutch Guiana,1934,[205],Monograph,Saramaka,South America,Amazon and Orinoco,other subsistence combinations,,"684,695",https://ehrafworldcultures.yale.edu/sres/c19b4b69-c522-44cd-93b1-568039bcfada
73185c01-814e-4dbe-977d-6b241d640f6f,"Herskovits, Melville Jean, 1895-1963",Rebel destiny: among the bush Negroes of Dutch Guiana,1934,[205],Monograph,Saramaka,South America,Amazon and Orinoco,other subsistence combinations,,"684,695",https://ehrafworldcultures.yale.edu/sres/73185c01-814e-4dbe-977d-6b241d640f6f
739f38cd-9e0d-493e-abd1-0c18b4473367,"Herskovits, Melville Jean, 1895-1963",Rebel destiny: among the bush Negroes of Dutch Guiana,1934,[253],Monograph,Saramaka,South America,Amazon and Orinoco,other subsistence combinations,,"574,576,643,684",https://ehrafworldcultures.yale.edu/sres/739f38cd-9e0d-493e-abd1-0c18b4473367
338678b9-b457-4135-b7bf-acd82baf5193,"Herskovits, Melville Jean, 1895-1963",Rebel destiny: among the bush Negroes of Dutch Guiana,1934,[254],Monograph,Saramaka,South America,Amazon and Orinoco,other subsistence combinations,,"574,643,684",https://ehrafworldcultures.yale.edu/sres/338678b9-b457-4135-b7bf-acd82baf5193
b6bdb268-8fac-4538-9e7d-701fb4e63086,"Herskovits, Melville Jean, 1895-1963",Rebel destiny: among the bush Negroes of Dutch Guiana,1934,[254],Monograph,Saramaka,South America,Amazon and Orinoco,other subsistence combinations,,"538,643,684",https://ehrafworldcultures.yale.edu/sres/b6bdb268-8fac-4538-9e7d-701fb4e63086
220366f1-02eb-4165-92f2-031713ac0090,"Herskovits, Melville Jean, 1895-1963",Rebel destiny: among the bush Negroes of Dutch Guiana,1934,[254],Monograph,Saramaka,South America,Amazon and Orinoco,other subsistence combinations,,"538,643,684",https://ehrafworldcultures.yale.edu/sres/220366f1-02eb-4165-92f2-031713ac0090
f4fac50c-3ce6-4ff0-8a04-88ab94006e70,"Herskovits, Melville Jean, 1895-1963",Rebel destiny: among the bush Negroes of Dutch Guiana,1934,[254],Monograph,Saramaka,South America,Amazon and Orinoco,other subsistence combinations,,"538,643,684",https://ehrafworldcultures.yale.edu/sres/f4fac50c-3ce6-4ff0-8a04-88ab94006e70
53ff9c0b-f111-40ed-a12f-dabc4ef964b3,"Herskovits, Melville Jean, 1895-1963",Rebel destiny: among the bush Negroes of Dutch Guiana,1934,[254],Monograph,Saramaka,South America,Amazon and Orinoco,other subsistence combinations,,"538,643,684",https://ehrafworldcultures.yale.edu/sres/53ff9c0b-f111-40ed-a12f-dabc4ef964b3
aa5d0a53-eccc-4d9b-990f-d919594e5990,"Herskovits, Melville Jean, 1895-1963",Rebel destiny: among the bush Negroes of Dutch Guiana,1934,[254],Monograph,Saramaka,South America,Amazon and Orinoco,other subsistence combinations,,"538,643,684",https://ehrafworldcultures.yale.edu/sres/aa5d0a53-eccc-4d9b-990f-d919594e5990
20db2bed-58f3-491e-8e59-7df796fc02b9,"Herskovits, Melville Jean, 1895-1963",Rebel destiny: among the bush Negroes of Dutch Guiana,1934,[254],Monograph,Saramaka,South America,Amazon and Orinoco,other subsistence combinations,,"538,643,684",https://ehrafworldcultures.yale.edu/sres/20db2bed-58f3-491e-8e59-7df796fc02b9
9002aa5a-dbff-43f0-b8af-aa30ff8be795,"Herskovits, Melville Jean, 1895-1963",Rebel destiny: among the bush Negroes of Dutch Guiana,1934,[254],Monograph,Saramaka,South America,Amazon and Orinoco,other subsistence combinations,,"538,643,684",https://ehrafworldcultures.yale.edu/sres/9002aa5a-dbff-43f0-b8af-aa30ff8be795
c02dfbd9-515c-47e8-b746-5233eb6f84b7,"Herskovits, Melville Jean, 1895-1963",Rebel destiny: among the bush Negroes of Dutch Guiana,1934,[255],Monograph,Saramaka,South America,Amazon and Orinoco,other subsistence combinations,,"538,643,684",https://ehrafworldcultures.yale.edu/sres/c02dfbd9-515c-47e8-b746-5233eb6f84b7
a19b4892-8607-4913-b31a-b837fb95b19b,"Herskovits, Melville Jean, 1895-1963",Rebel destiny: among the bush Negroes of Dutch Guiana,1934,[255],Monograph,Saramaka,South America,Amazon and Orinoco,other subsistence combinations,,"538,643,684",https://ehrafworldcultures.yale.edu/sres/a19b4892-8607-4913-b31a-b837fb95b19b
b68edcf2-7096-43be-bc23-d471daf35703,"Herskovits, Melville Jean, 1895-1963",Rebel destiny: among the bush Negroes of Dutch Guiana,1934,[255],Monograph,Saramaka,South America,Amazon and Orinoco,other subsistence combinations,,"538,643,684",https://ehrafworldcultures.yale.edu/sres/b68edcf2-7096-43be-bc23-d471daf35703
5e7b88c9-996a-4121-8609-36ada228fc85,"Herskovits, Melville Jean, 1895-1963",Rebel destiny: among the bush Negroes of Dutch Guiana,1934,[255],Monograph,Saramaka,South America,Amazon and Orinoco,other subsistence combinations,,"538,643,684",https://ehrafworldcultures.yale.edu/sres/5e7b88c9-996a-4121-8609-36ada228fc85
8834b985-c314-4568-aae3-1b9fa9812b41,"Herskovits, Melville Jean, 1895-1963",Rebel destiny: among the bush Negroes of Dutch Guiana,1934,[255],Monograph,Saramaka,South America,Amazon and Orinoco,other subsistence combinations,,"538,643,684",https://ehrafworldcultures.yale.edu/sres/8834b985-c314-4568-aae3-1b9fa9812b41
b4bf3050-799a-4c60-a1b4-b708704f0e85,"Herskovits, Melville Jean, 1895-1963",Rebel destiny: among the bush Negroes of Dutch Guiana,1934,[255],Monograph,Saramaka,South America,Amazon and Orinoco,other subsistence combinations,,"538,643,684",https://ehrafworldcultures.yale.edu/sres/b4bf3050-799a-4c60-a1b4-b708704f0e85
dbac622d-275d-4f7c-bdfd-67247d6f8b51,"Herskovits, Melville Jean, 1895-1963",Rebel destiny: among the bush Negroes of Dutch Guiana,1934,[255],Monograph,Saramaka,South America,Amazon and Orinoco,other subsistence combinations,,"538,574,643,684",https://ehrafworldcultures.yale.edu/sres/dbac622d-275d-4f7c-bdfd-67247d6f8b51
3f08f7e6-c245-4e77-800b-50c9525a14b5,"Herskovits, Melville Jean, 1895-1963",Rebel destiny: among the bush Negroes of Dutch Guiana,1934,[255],Monograph,Saramaka,South America,Amazon and Orinoco,other subsistence combinations,,"538,643,684",https://ehrafworldcultures.yale.edu/sres/3f08f7e6-c245-4e77-800b-50c9525a14b5
f50e3547-cce2-4e4c-a714-b809db535f81,"Herskovits, Melville Jean, 1895-1963",Rebel destiny: among the bush Negroes of Dutch Guiana,1934,[289],Monograph,Saramaka,South America,Amazon and Orinoco,other subsistence combinations,,"684,776",https://ehrafworldcultures.yale.edu/sres/f50e3547-cce2-4e4c-a714-b809db535f81
5079ad71-38dc-4a32-8136-716b6482a942,"Herskovits, Melville Jean, 1895-1963",Rebel destiny: among the bush Negroes of Dutch Guiana,1934,[289],Monograph,Saramaka,South America,Amazon and Orinoco,other subsistence combinations,,"684,776",https://ehrafworldcultures.yale.edu/sres/5079ad71-38dc-4a32-8136-716b6482a942
a7288915-2678-410a-8206-5c75e923184d,"Herskovits, Melville Jean, 1895-1963",Rebel destiny: among the bush Negroes of Dutch Guiana,1934,[314],Monograph,Saramaka,South America,Amazon and Orinoco,other subsistence combinations,,"688,753,776,789,791",https://ehrafworldcultures.yale.edu/sres/a7288915-2678-410a-8206-5c75e923184d
da429663-3d76-4541-a17d-1b5fb5da336c,"Price, Richard, 1941-","First-time: the historical vision of an Afro-American
         people",1983,5,Monograph,Saramaka,South America,Amazon and Orinoco,other subsistence combinations,,"114,682,755,771,812,829",https://ehrafworldcultures.yale.edu/sres/da429663-3d76-4541-a17d-1b5fb5da336c
4ca5ceed-544f-44c4-8826-a323f55da2da,"Price, Richard, 1941-","First-time: the historical vision of an Afro-American
         people",1983,46,Monograph,Saramaka,South America,Amazon and Orinoco,other subsistence combinations,,"567,689",https://ehrafworldcultures.yale.edu/sres/4ca5ceed-544f-44c4-8826-a323f55da2da
fbb0dbb6-bbc0-4e56-ad2e-3df44fd84a99,"Price, Richard, 1941-","First-time: the historical vision of an Afro-American
         people",1983,80,Monograph,Saramaka,South America,Amazon and Orinoco,other subsistence combinations,,"567,614,629,684",https://ehrafworldcultures.yale.edu/sres/fbb0dbb6-bbc0-4e56-ad2e-3df44fd84a99
3f7b26ab-183c-442d-943c-9e96bef667c3,"Price, Richard, 1941-","First-time: the historical vision of an Afro-American
         people",1983,83,Monograph,Saramaka,South America,Amazon and Orinoco,other subsistence combinations,,"131,133,241,361,567,621,685",https://ehrafworldcultures.yale.edu/sres/3f7b26ab-183c-442d-943c-9e96bef667c3
9f57b4d0-2051-4c87-a396-3f736e57bfbb,"Price, Richard, 1941-","First-time: the historical vision of an Afro-American
         people",1983,85,Monograph,Saramaka,South America,Amazon and Orinoco,other subsistence combinations,,"241,361,567,621,685",https://ehrafworldcultures.yale.edu/sres/9f57b4d0-2051-4c87-a396-3f736e57bfbb
5f6200bd-5f89-4342-af6c-fd5979bca92e,"Price, Richard, 1941-","First-time: the historical vision of an Afro-American
         people",1983,86,Monograph,Saramaka,South America,Amazon and Orinoco,other subsistence combinations,,"567,685",https://ehrafworldcultures.yale.edu/sres/5f6200bd-5f89-4342-af6c-fd5979bca92e
90b640c3-9c3e-4e6d-8ada-75fdf489df3f,"Price, Richard, 1941-","First-time: the historical vision of an Afro-American
         people",1983,87,Monograph,Saramaka,South America,Amazon and Orinoco,other subsistence combinations,,"567,685",https://ehrafworldcultures.yale.edu/sres/90b640c3-9c3e-4e6d-8ada-75fdf489df3f
83ca0fe3-e7ad-448b-b3e4-977d7afcb8a6,"Price, Richard, 1941-","First-time: the historical vision of an Afro-American
         people",1983,96,Monograph,Saramaka,South America,Amazon and Orinoco,other subsistence combinations,,"614,684",https://ehrafworldcultures.yale.edu/sres/83ca0fe3-e7ad-448b-b3e4-977d7afcb8a6
a5b636fa-e03f-407a-93f1-72b176933208,"Price, Richard, 1941-",Two evenings in Saramaka,1991,316,Monograph,Saramaka,South America,Amazon and Orinoco,other subsistence combinations,,"171,224,226,5310,533,688,901,902",https://ehrafworldcultures.yale.edu/sres/a5b636fa-e03f-407a-93f1-72b176933208
10a77fd2-33f3-4df5-8c90-0a4e6097d679,"Price, Richard, 1941-",Two evenings in Saramaka,1991,397,Monograph,Saramaka,South America,Amazon and Orinoco,other subsistence combinations,,"688,783,837,842",https://ehrafworldcultures.yale.edu/sres/10a77fd2-33f3-4df5-8c90-0a4e6097d679
031fad29-d689-41c4-8beb-9fc9fd4cdb48,"Price, Richard, 1941-",Two evenings in Saramaka,1991,398,Monograph,Saramaka,South America,Amazon and Orinoco,other subsistence combinations,,"224,682",https://ehrafworldcultures.yale.edu/sres/031fad29-d689-41c4-8beb-9fc9fd4cdb48
4bcae37d-507d-45a7-a428-8d960e080278,"Price, Richard, 1941-",Two evenings in Saramaka,1991,410,Monograph,Saramaka,South America,Amazon and Orinoco,other subsistence combinations,,"171,224,226,688",https://ehrafworldcultures.yale.edu/sres/4bcae37d-507d-45a7-a428-8d960e080278
3d4b76fc-020a-40e3-ad9a-b3d19a287047,"Price, Richard, 1941-","Saramaka social structure: analysis of a maroon society in
         Surinam",1975,86,Monograph,Saramaka,South America,Amazon and Orinoco,other subsistence combinations,,"582,595,602,613,684",https://ehrafworldcultures.yale.edu/sres/3d4b76fc-020a-40e3-ad9a-b3d19a287047
bb87504b-3d32-4503-8cdf-f212621772f0,"Price, Richard, 1941-","Saramaka social structure: analysis of a maroon society in
         Surinam",1975,90,Monograph,Saramaka,South America,Amazon and Orinoco,other subsistence combinations,,"582,613,628,684",https://ehrafworldcultures.yale.edu/sres/bb87504b-3d32-4503-8cdf-f212621772f0
3da3153c-35a7-477a-9159-d4c7a0cfb26b,"Price, Richard, 1941-","Saramaka social structure: analysis of a maroon society in
         Surinam",1975,90,Monograph,Saramaka,South America,Amazon and Orinoco,other subsistence combinations,,"582,584,613,684",https://ehrafworldcultures.yale.edu/sres/3da3153c-35a7-477a-9159-d4c7a0cfb26b
bf7f7596-b407-42d1-9564-f1c0c822badc,"Price, Richard, 1941-","Saramaka social structure: analysis of a maroon society in
         Surinam",1975,102,Monograph,Saramaka,South America,Amazon and Orinoco,other subsistence combinations,,"586,613,684",https://ehrafworldcultures.yale.edu/sres/bf7f7596-b407-42d1-9564-f1c0c822badc
72feb1d3-f2f1-4c61-a11f-5373908be43d,"Price, Richard, 1941-","Saramaka social structure: analysis of a maroon society in
         Surinam",1975,103,Monograph,Saramaka,South America,Amazon and Orinoco,other subsistence combinations,,"562,577,684",https://ehrafworldcultures.yale.edu/sres/72feb1d3-f2f1-4c61-a11f-5373908be43d
15795965-7ff0-4814-987a-3fa94da49404,"Price, Richard, 1941-","Saramaka social structure: analysis of a maroon society in
         Surinam",1975,104,Monograph,Saramaka,South America,Amazon and Orinoco,other subsistence combinations,,"562,586,684",https://ehrafworldcultures.yale.edu/sres/15795965-7ff0-4814-987a-3fa94da49404
243321ad-a43f-4fdd-81f8-cdf7791bffae,"Price, Richard, 1941-","Saramaka social structure: analysis of a maroon society in
         Surinam",1975,149,Monograph,Saramaka,South America,Amazon and Orinoco,other subsistence combinations,,"162,433,613,682",https://ehrafworldcultures.yale.edu/sres/243321ad-a43f-4fdd-81f8-cdf7791bffae
8ce99cae-9330-4d68-b15d-bd1b41ffd00b,"Price, Richard, 1941-",Two evenings in Saramaka,1991,51,Monograph,Saramaka,South America,Amazon and Orinoco,other subsistence combinations,,"292,534,688,764,767,789",https://ehrafworldcultures.yale.edu/sres/8ce99cae-9330-4d68-b15d-bd1b41ffd00b
8557ee6a-c9d7-44e6-b370-d1ee22d85c21,"Price, Richard, 1941-",Two evenings in Saramaka,1991,53,Monograph,Saramaka,South America,Amazon and Orinoco,other subsistence combinations,,"685,764,767,787,797,831",https://ehrafworldcultures.yale.edu/sres/8557ee6a-c9d7-44e6-b370-d1ee22d85c21
885b6dc2-a380-4daa-af19-68c9e2f013ad,"Price, Richard, 1941-",Two evenings in Saramaka,1991,126,Monograph,Saramaka,South America,Amazon and Orinoco,other subsistence combinations,,"5310,688,783,837,842,902",https://ehrafworldcultures.yale.edu/sres/885b6dc2-a380-4daa-af19-68c9e2f013ad
0f3e567c-856d-46a9-b733-c052afe42f1b,"Price, Richard, 1941-",Two evenings in Saramaka,1991,138,Monograph,Saramaka,South America,Amazon and Orinoco,other subsistence combinations,,"224,5310,682,902",https://ehrafworldcultures.yale.edu/sres/0f3e567c-856d-46a9-b733-c052afe42f1b
7236cae7-dd8a-4d45-b9e1-7089c40048df,"Price, Richard, 1941-",Alabi's world,1990,223,Monograph,Saramaka,South America,Amazon and Orinoco,other subsistence combinations,,"648,682,754",https://ehrafworldcultures.yale.edu/sres/7236cae7-dd8a-4d45-b9e1-7089c40048df
140f53f5-31b2-4c0b-8670-645589be4435,"Price, Richard, 1941-",Alabi's world,1990,223,Monograph,Saramaka,South America,Amazon and Orinoco,other subsistence combinations,,"648,682,754",https://ehrafworldcultures.yale.edu/sres/140f53f5-31b2-4c0b-8670-645589be4435
fcdf9ca1-506d-4513-b700-17aedc0aeabb,"Price, Richard, 1941-",Alabi's world,1990,223,Monograph,Saramaka,South America,Amazon and Orinoco,other subsistence combinations,,"648,682,754",https://ehrafworldcultures.yale.edu/sres/fcdf9ca1-506d-4513-b700-17aedc0aeabb
2b53f76c-8e68-421a-8f84-a707432f6ac7,"Price, Richard, 1941-",Alabi's world,1990,245,Monograph,Saramaka,South America,Amazon and Orinoco,other subsistence combinations,,"127,173,682,754",https://ehrafworldcultures.yale.edu/sres/2b53f76c-8e68-421a-8f84-a707432f6ac7
731eb6c3-76f3-4a38-a52a-076e0e7a2b61,"Price, Richard, 1941-",Alabi's world,1990,321,Monograph,Saramaka,South America,Amazon and Orinoco,other subsistence combinations,,685,https://ehrafworldcultures.yale.edu/sres/731eb6c3-76f3-4a38-a52a-076e0e7a2b61
8362535c-9d18-4377-926a-9c0794b8882f,"Price, Richard, 1941-",Alabi's world,1990,24,Monograph,Saramaka,South America,Amazon and Orinoco,other subsistence combinations,,"175,567,685",https://ehrafworldcultures.yale.edu/sres/8362535c-9d18-4377-926a-9c0794b8882f
08b34899-8f62-4806-b35d-e4eaa1379da4,"Price, Richard, 1941-",Alabi's world,1990,90,Monograph,Saramaka,South America,Amazon and Orinoco,other subsistence combinations,,"648,687,728",https://ehrafworldcultures.yale.edu/sres/08b34899-8f62-4806-b35d-e4eaa1379da4
c469d956-354e-4992-b72c-3a66b65b7c08,"Price, Richard, 1941-",Alabi's world,1990,99,Monograph,Saramaka,South America,Amazon and Orinoco,other subsistence combinations,,"133,431,632,685,797",https://ehrafworldcultures.yale.edu/sres/c469d956-354e-4992-b72c-3a66b65b7c08
1b5eeade-4898-41ba-a952-2dfd5c1563da,"Price, Richard, 1941-",Alabi's world,1990,103,Monograph,Saramaka,South America,Amazon and Orinoco,other subsistence combinations,,"648,683",https://ehrafworldcultures.yale.edu/sres/1b5eeade-4898-41ba-a952-2dfd5c1563da
e9643957-9952-4ab5-b775-84093fc2ff49,"Price, Richard, 1941-",Alabi's world,1990,117,Monograph,Saramaka,South America,Amazon and Orinoco,other subsistence combinations,,"578,684",https://ehrafworldcultures.yale.edu/sres/e9643957-9952-4ab5-b775-84093fc2ff49
7036cf63-45d0-4216-a509-3f9f56a46d2f,"Price, Richard, 1941-",Alabi's world,1990,117,Monograph,Saramaka,South America,Amazon and Orinoco,other subsistence combinations,,"578,684",https://ehrafworldcultures.yale.edu/sres/7036cf63-45d0-4216-a509-3f9f56a46d2f
4f7290ca-c249-49d0-afe3-899044c062c5,"Price, Richard, 1941-",Alabi's world,1990,117,Monograph,Saramaka,South America,Amazon and Orinoco,other subsistence combinations,,"578,684",https://ehrafworldcultures.yale.edu/sres/4f7290ca-c249-49d0-afe3-899044c062c5
c9a3c4c6-eb32-4a58-ad9f-63375c370805,"Price, Richard, 1941-",Alabi's world,1990,117,Monograph,Saramaka,South America,Amazon and Orinoco,other subsistence combinations,,"578,684",https://ehrafworldcultures.yale.edu/sres/c9a3c4c6-eb32-4a58-ad9f-63375c370805
4a03edcc-73e0-4f76-a969-ff2db823e986,"Price, Richard, 1941-",Alabi's world,1990,121,Monograph,Saramaka,South America,Amazon and Orinoco,other subsistence combinations,,"622,688,776,797,825",https://ehrafworldcultures.yale.edu/sres/4a03edcc-73e0-4f76-a969-ff2db823e986
e970fd11-1903-4d32-b0a1-6d4ad674ad6d,"Price, Richard, 1941-",Alabi's world,1990,121,Monograph,Saramaka,South America,Amazon and Orinoco,other subsistence combinations,,"622,688,776,797,825",https://ehrafworldcultures.yale.edu/sres/e970fd11-1903-4d32-b0a1-6d4ad674ad6d
2e8a325e-1f74-4e09-befb-14d36ffccdb1,"Price, Richard, 1941-",Alabi's world,1990,121,Monograph,Saramaka,South America,Amazon and Orinoco,other subsistence combinations,,688,https://ehrafworldcultures.yale.edu/sres/2e8a325e-1f74-4e09-befb-14d36ffccdb1
4586e3b0-e688-4a29-a2f0-be7755130316,"Price, Richard, 1941-",Alabi's world,1990,122,Monograph,Saramaka,South America,Amazon and Orinoco,other subsistence combinations,,"127,688,782",https://ehrafworldcultures.yale.edu/sres/4586e3b0-e688-4a29-a2f0-be7755130316
4a7de68e-e987-43e5-8cb4-afeb89649da6,"Price, Richard, 1941-",Alabi's world,1990,122,Monograph,Saramaka,South America,Amazon and Orinoco,other subsistence combinations,,"127,688,791",https://ehrafworldcultures.yale.edu/sres/4a7de68e-e987-43e5-8cb4-afeb89649da6
c594546a-031b-4966-a38d-ce98948549b0,"Price, Richard, 1941-",Alabi's world,1990,123,Monograph,Saramaka,South America,Amazon and Orinoco,other subsistence combinations,,"622,688,797",https://ehrafworldcultures.yale.edu/sres/c594546a-031b-4966-a38d-ce98948549b0
7b678492-1e38-41f6-bcf4-752561d595ae,"Price, Richard, 1941-",Alabi's world,1990,123,Monograph,Saramaka,South America,Amazon and Orinoco,other subsistence combinations,,"127,622,688,797",https://ehrafworldcultures.yale.edu/sres/7b678492-1e38-41f6-bcf4-752561d595ae
c8027561-5c96-40a9-9236-1cef37901080,"Price, Richard, 1941-",Alabi's world,1990,123,Monograph,Saramaka,South America,Amazon and Orinoco,other subsistence combinations,,"622,688,797",https://ehrafworldcultures.yale.edu/sres/c8027561-5c96-40a9-9236-1cef37901080
7ddc35bd-09e1-48d4-a20c-3b143dcd280f,"Price, Richard, 1941-",Alabi's world,1990,123,Monograph,Saramaka,South America,Amazon and Orinoco,other subsistence combinations,,"622,688,797",https://ehrafworldcultures.yale.edu/sres/7ddc35bd-09e1-48d4-a20c-3b143dcd280f
03759ce4-5749-4d86-8af5-c91382264377,"Price, Richard, 1941-",Alabi's world,1990,123,Monograph,Saramaka,South America,Amazon and Orinoco,other subsistence combinations,,"127,622,688,797",https://ehrafworldcultures.yale.edu/sres/03759ce4-5749-4d86-8af5-c91382264377
0ead2852-2228-4df5-acf7-01b6457036f5,"Price, Richard, 1941-",Alabi's world,1990,134,Monograph,Saramaka,South America,Amazon and Orinoco,other subsistence combinations,,"173,688,797,825,902",https://ehrafworldcultures.yale.edu/sres/0ead2852-2228-4df5-acf7-01b6457036f5
fc3c7a13-39cf-418b-99ac-b2042e700378,"Price, Richard, 1941-",Alabi's world,1990,135,Monograph,Saramaka,South America,Amazon and Orinoco,other subsistence combinations,,"103,688,797,825,902",https://ehrafworldcultures.yale.edu/sres/fc3c7a13-39cf-418b-99ac-b2042e700378
747bfdbb-0544-45cd-a539-60e88961c600,"Price, Richard, 1941-",Alabi's world,1990,135,Monograph,Saramaka,South America,Amazon and Orinoco,other subsistence combinations,,"688,797,825",https://ehrafworldcultures.yale.edu/sres/747bfdbb-0544-45cd-a539-60e88961c600
e3e88da1-7edd-4a35-b72d-4d2de0db6409,"Price, Richard, 1941-",Alabi's world,1990,135,Monograph,Saramaka,South America,Amazon and Orinoco,other subsistence combinations,,"688,797,825",https://ehrafworldcultures.yale.edu/sres/e3e88da1-7edd-4a35-b72d-4d2de0db6409
c72666ee-b103-4565-9b8b-86f07341066f,"Price, Richard, 1941-",Alabi's world,1990,135,Monograph,Saramaka,South America,Amazon and Orinoco,other subsistence combinations,,"688,797,825",https://ehrafworldcultures.yale.edu/sres/c72666ee-b103-4565-9b8b-86f07341066f
903f3a08-11cd-4952-9e26-cec1513b400b,"Price, Richard, 1941-",Alabi's world,1990,135,Monograph,Saramaka,South America,Amazon and Orinoco,other subsistence combinations,,"688,797,825",https://ehrafworldcultures.yale.edu/sres/903f3a08-11cd-4952-9e26-cec1513b400b
a7ea8452-953a-486b-882e-80ca8a1227c5,"Price, Richard, 1941-",Alabi's world,1990,135,Monograph,Saramaka,South America,Amazon and Orinoco,other subsistence combinations,,"688,797,825",https://ehrafworldcultures.yale.edu/sres/a7ea8452-953a-486b-882e-80ca8a1227c5
7ab3ea07-a170-4434-8951-6e61341a6361,"Price, Richard, 1941-",Alabi's world,1990,135,Monograph,Saramaka,South America,Amazon and Orinoco,other subsistence combinations,,"688,784,797,825",https://ehrafworldcultures.yale.edu/sres/7ab3ea07-a170-4434-8951-6e61341a6361
0692102d-0664-461e-97ce-bd35b5b67b46,"Price, Richard, 1941-",Alabi's world,1990,135,Monograph,Saramaka,South America,Amazon and Orinoco,other subsistence combinations,,"688,797,825",https://ehrafworldcultures.yale.edu/sres/0692102d-0664-461e-97ce-bd35b5b67b46
982da634-3b8e-467c-93ad-89b84490ccfc,"Price, Richard, 1941-",Alabi's world,1990,136,Monograph,Saramaka,South America,Amazon and Orinoco,other subsistence combinations,,"688,797,825",https://ehrafworldcultures.yale.edu/sres/982da634-3b8e-467c-93ad-89b84490ccfc
9b792af0-44ce-4aef-b840-c9aed7d50ea1,"Price, Richard, 1941-",Alabi's world,1990,136,Monograph,Saramaka,South America,Amazon and Orinoco,other subsistence combinations,,"688,797,825",https://ehrafworldcultures.yale.edu/sres/9b792af0-44ce-4aef-b840-c9aed7d50ea1
96c1a6ad-be81-416c-a53b-41ccfc41f3fb,"Price, Richard, 1941-",Alabi's world,1990,136,Monograph,Saramaka,South America,Amazon and Orinoco,other subsistence combinations,,"688,797,825",https://ehrafworldcultures.yale.edu/sres/96c1a6ad-be81-416c-a53b-41ccfc41f3fb
2edd9235-f6d1-45c2-acc4-8ede8029c881,"Price, Richard, 1941-",Alabi's world,1990,136,Monograph,Saramaka,South America,Amazon and Orinoco,other subsistence combinations,,"688,797,825",https://ehrafworldcultures.yale.edu/sres/2edd9235-f6d1-45c2-acc4-8ede8029c881
fc7e08c2-a3a8-44da-9a5b-0b51fe43eb4f,"Price, Richard, 1941-",Alabi's world,1990,159,Monograph,Saramaka,South America,Amazon and Orinoco,other subsistence combinations,,"127,682,754",https://ehrafworldcultures.yale.edu/sres/fc7e08c2-a3a8-44da-9a5b-0b51fe43eb4f
6c2f543b-281b-4cb3-a695-33f3f01728e0,"Price, Richard, 1941-",Alabi's world,1990,159,Monograph,Saramaka,South America,Amazon and Orinoco,other subsistence combinations,,"682,797",https://ehrafworldcultures.yale.edu/sres/6c2f543b-281b-4cb3-a695-33f3f01728e0
9c93ccc0-5104-40e2-a21c-535bf7d3133f,"Price, Richard, 1941-",Alabi's world,1990,160,Monograph,Saramaka,South America,Amazon and Orinoco,other subsistence combinations,,"682,797",https://ehrafworldcultures.yale.edu/sres/9c93ccc0-5104-40e2-a21c-535bf7d3133f
d77fcd74-c852-4035-a539-aa268bd8e9c8,"Price, Richard, 1941-",Alabi's world,1990,169,Monograph,Saramaka,South America,Amazon and Orinoco,other subsistence combinations,,"127,162,567,595,683",https://ehrafworldcultures.yale.edu/sres/d77fcd74-c852-4035-a539-aa268bd8e9c8
