uuid,offense_present
00049723-d14c-4c18-a26d-43d14b723dbf,0
00263d52-a2a7-4a8c-8622-4a155c88fd62,0
002e8b05-7187-482b-b89f-e6b5f00b4403,0
004e5d75-9f19-4aa6-a6ee-14a10549ccf2,0
005c2e41-be78-4063-b9da-c63ca6371f11,0
0064e6e3-ecce-4168-bacd-e45139c480ed,0
00650b2e-8542-4f96-b3c3-817b5b03fa32,0
00890cdc-e7e6-4828-a839-751b60cda655,0
00952ee3-4e69-48d2-b873-6de25eca5f11,0
009a641e-b3ba-458f-9412-2810c16e6f19,0
009f5b56-b21f-4445-89e1-11d8181c2b57,0
00bcd078-3eb0-4d44-85df-66b4e0bc1e1b,0
00c2adbb-ea44-452f-ac00-20f139286a04,0
00c688b7-4ad1-41d8-ab37-e21862944726,0
00faccfc-6407-44dc-96f9-955ff27baaf8,0
00ffee5e-85ff-4623-8d09-37f3ac501145,0
010372ee-0a4f-4794-b8e6-e2b7d58aa87d,0
01218d78-ba20-4478-880f-fb0d482d7b2f,0
01291a3d-454c-4ff6-b435-b0dd2bcfec48,0
01439689-801b-4c7a-b5bf-bd580c61f726,0
01485f2d-c9f2-446d-9480-a568dfab597c,0
0161132c-6138-4a65-823c-7f2ca59906ac,0
016725d5-171f-4e38-9bd5-d95b483a29b5,0
017a394c-bdf9-4c3c-ba13-a80ef4504f5b,0
0185ecf7-d6fc-4f57-a26c-44a2ae6a5eec,0
019ebb62-3d74-4274-9a4d-f4b89661bdec,0
019faa85-c020-41ad-bc3b-d797d973c949,0
01b2cc50-1902-46d5-b1bb-8eaababc7ff2,0
01c887e3-01fb-4ffe-bffd-64bb36f9a639,0
01e13c87-f38a-45e2-94b9-e09e27dfe5de,0
0201ae9b-129e-4aa1-808f-94e6e6559a80,0
02116d3c-45aa-491f-ad5e-e79308b4213f,0
0213cbc9-d2d2-4e99-b881-1a58c958cc52,0
0216a9d4-c4b1-4b2e-aec3-18ffc7ef9c78,0
0235d3ef-e734-466f-b8d5-c9ad71f6bca5,0
023b336a-09ad-4fd8-80b0-7a621e6f0932,0
0241148d-5da1-4834-aafa-d65d8d46c7f1,0
024ee34b-497a-4d2d-b0e8-3d7f424cd46a,0
028c69ed-d06b-41c7-a3f5-dd172923bc88,0
02ca4de2-61ab-4ce3-8543-72443e6d3e31,0
02cfe6b8-4ddd-4da9-bd7b-4f99e835d39d,0
02d31116-1154-4d69-8da1-1c3c0824544e,0
02dbb25a-6a86-4232-9174-caa6d895e39b,0
02e7b93c-7a25-473e-8888-4ca1e1224976,0
02ecaa16-5fd4-457d-a950-a40fb33b502a,0
030d0622-a1ac-4c90-bdfd-092102f45aac,0
030dc16e-1468-4ce3-b7ea-80b146228888,0
03300e22-555b-4815-bd48-bbd2550d60d3,0
0332283a-c2d6-46c8-bd65-9aa6fa586f0c,0
0336932b-32fb-44b0-850a-d7f7301bb358,0
034b866c-e4b8-456b-87b3-a7f7167732c9,0
034b98dd-32fc-462d-b08e-35beb9246a20,0
035b4909-46f0-4e97-b78d-b844e5aa4365,0
0360cad5-fddc-4b2d-9826-e32ecb351821,0
03810958-35f4-4a95-8771-9b4d9ce80b76,0
038b796c-e4a8-4935-8dc1-2fa9acd7bb81,0
039aa562-f5a5-4dfb-9ccb-760d3666ee51,0
039ee174-8e95-46ad-b918-22465c507fc5,0
03ab80ce-4cb4-4bed-8dd2-ebf268a0b82a,0
03b5fa1d-db77-48b8-9549-3288db03a818,0
03c2ddbb-9a18-4be1-8897-0f285082c37b,0
03dea974-df60-4ecf-b567-d06b24a62b2b,0
04113319-fbb3-4ffd-86f3-e2bb10fdb1a5,0
0413a68d-5482-4c84-8534-6ae6703be033,0
041d607a-e234-48e9-929f-d330003dd60f,0
043d87c0-80a2-4d3e-8501-06d0c7e9380b,0
04530427-5da4-46e6-bc0b-46bd056e9c18,0
0469fb34-045f-4cd1-88f2-9bec20e2408c,0
04b2ac43-8f06-4be6-ab2f-a4f6ff8de6a0,0
04bc1add-055a-4f48-9a16-79e7ba3ca4e3,0
04c278af-148e-431e-98cb-262f13ce75df,0
04c2fe0c-c699-48c4-bb1d-d4681b3957c6,0
04c4d6e5-8197-412d-bf02-1448921fb954,0
04ca074a-96ee-42c6-a023-6007fd5172df,0
04caf0f3-4769-4d1a-8cc3-50a8be99c002,0
04f4c682-50f9-484d-8383-14436129d179,0
050516b0-2a49-438f-afc3-9501dc12a6a8,0
0521565a-6c38-440b-bf64-0448e962bcc1,0
052fe77a-356c-4d21-92ca-0a537a7e4e78,0
054c60b9-3114-4620-b172-ab514bf7b82f,0
055019a8-bdad-41d8-a970-db4674665ced,0
057993aa-6266-4c24-ac2b-5bdec4a1985a,0
05799619-667a-4053-b447-3b4f6610a7a0,0
057ba936-202d-42fd-9e06-7fe40f151765,0
05909ecd-9e58-4c4d-83d7-8e380e310dc1,0
05b9883a-fd82-4ddb-93aa-8056375480c3,0
05bd029c-d2ba-4bd2-8d34-71258976b6f5,0
05c3ae97-4e50-4de4-bd9a-6d18746137fc,0
05eb18cf-b2d7-403b-b704-2555a1c7f386,0
05fca8c0-2f0c-49eb-be79-159ed5306db1,0
0628e2f3-0912-44eb-8541-b9373dfbbc8f,0
062b2e88-e9bb-4aa9-b674-58b05744bcea,0
062cc7dc-9574-4b57-a044-81805772007b,0
0640cdb4-af1b-4c76-9fef-eefe1a925569,0
06414d95-682e-456a-b947-6e9b84cf5d85,0
0644002c-89ed-4897-b9db-aa4f17d620cb,0
065a85bb-8db4-49e4-83ee-453b15e710c6,0
065cdc2e-b0a6-4e25-afc8-b041b360fac6,0
0677b756-0073-4f11-8801-a10e6c663c52,0
068bc683-77b6-4084-a704-2da84b2236f0,0
069d302e-25fc-46a3-9c38-6864e7cce502,0
069eecb5-fbff-4ff2-8902-2fefbbd3eddb,0
06c127fc-8045-49c7-a845-24cdbd491c7b,0
06c817db-90e4-45f1-9dee-cb9e75f5746a,0
06dc52fa-5c39-4313-a27c-2f25d880baa7,0
070761a5-ca9d-4e74-88fe-2125f7ebc72b,0
071a812a-5789-4857-9800-1a42570f592b,0
07256e84-4b3d-450d-9b2d-e44234e2f72e,0
072692e6-d291-43e5-acfa-7a43e5582588,0
073f8769-bf3d-4fcc-8928-fd9d608cfcbc,0
0745326a-de7a-4c14-826b-a4c4bedbb6f7,0
07539d0a-7b12-42c1-acda-0b9d6a85293e,0
0754e229-6190-4833-a5ba-f0680917db00,0
075d2f36-6d6d-4038-8495-3ec244722b95,0
0788c261-88db-4198-910c-164ed53f0002,0
0792b70e-42de-49c9-bbbd-7fcae895f1b3,0
07a1bce5-9858-4a23-82e7-6b727d5ff3b0,0
07afefec-9712-42f6-91eb-e9a0f0d4d8ae,0
07d110b3-4728-4c06-b3ed-ac59113e41a6,0
07d446ff-7583-4732-bd3f-594410f065fa,0
07d526f3-f2e0-4e9a-b9d7-efd70dd3cb3e,0
07d8d70a-efb7-41c9-88ea-198a1a4203c7,0
07ef7830-c02d-4265-b462-f860b4520816,0
07f663cc-939c-411d-8d8f-91319b0dd7dd,0
0804944d-647e-495f-849d-f09cff177748,0
08099ae0-c61f-464e-a144-b4fe719522b3,0
080de07f-5765-4646-a550-eaf20f9e23a8,0
08396ac0-e53e-43d2-914f-f8b49c8cc422,0
08477294-7d40-4e7b-8590-2d4ac98ceace,0
0873d39d-9338-4ea4-b31a-2115fb39b0a3,0
0886e77f-9573-4f72-a6b0-74525c9f392c,0
0893de95-f5f3-4acc-852f-dcdd166dd767,0
08988da1-30ea-4048-a6f6-428acf8829a8,0
08aeb141-4384-4997-8bce-77697848d82a,0
08bb8013-de67-4881-ac2f-47f0981a2739,0
08be446b-98b5-4f97-af9f-b75b3bef4774,0
08ce4867-8e71-4637-8412-681d0a87978a,0
08e0311e-b13a-49d9-974f-51ee9959d6eb,0
08e0f322-f989-4c7a-b9ed-da9744197429,0
08e3b7db-5405-4765-8d4d-a104bfda8fdf,0
08ec2053-b275-45ae-9e54-d8df34908720,0
090052da-f345-4df8-9d82-95912c3c4481,0
0922102a-ba8d-4c8a-8609-c7448ab4b28f,0
0934937d-7977-46e9-a96a-cd698e8e05e2,0
093f3734-0437-4356-aa1e-f0fabfb529aa,0
0944b13e-2e9e-4f3c-a4e3-ae3f303102b0,0
095953a5-5d8b-4f42-a649-ac88e69bace6,0
0964805b-b2d9-4ee8-b400-36eb8588ebdd,0
096d70e7-17ff-4dd1-a1b9-e99f007bb67a,0
0990a819-b5c3-4445-86f3-889355f2e998,0
09c315dc-163b-4b3d-af9a-f0da90e67fa8,0
09d5e425-d686-447c-bc02-646233b5ed37,0
0a11fab3-faa1-4968-99ca-6cdb6105ae5f,0
0a137023-6f1d-4b4e-ba97-6a10f8518dab,0
0a6e76fc-3056-4523-a1d3-a9b1b5cd5632,0
0a7516b4-3826-44e6-88ba-a92f6ee23e4b,0
0a767746-f227-48d3-a124-aafdcdaa5940,0
0a768728-0b8e-479e-9984-a23ee38862bd,0
0aad081b-7739-40d4-90e9-33908597f1ab,0
0ab69bc9-8701-47f9-86bc-dd7fcd7bcbcd,0
0abaab44-4ca4-4dc2-8c21-92a8131af1a4,0
0ac90ebd-05ea-4a44-9a4d-51258c692927,0
0acc185c-eefb-4e6c-87d7-526f20793a89,0
0ad9c407-bd84-44d7-b18f-001cbdcdb37b,0
0b2cf292-e93b-490c-96c8-adb04d55400f,0
0b3cde31-532f-45e2-adb9-dbc8f59ce155,0
0b5ca34c-5412-4222-81a7-72706612da0e,0
0b6c267b-1497-4cec-a714-552ccb503563,0
0b6f4157-6c08-4350-96a2-692e6bfa6fa9,0
0b70195b-738d-4cd1-96b2-08bace96a284,0
0b89b260-a1c9-4fee-86bb-fa5f0f119ff8,0
0b9352be-b8f8-444d-8139-c14d6fb13339,0
0ba8d90f-0d6a-4a1e-8568-856619d9e14e,0
0bacce1b-f8aa-45d6-99db-b4faccf11eac,0
0bd82c89-7840-4960-ab0a-1dabe46e1af9,0
0bdacfe4-d14a-4c33-9b3f-0c46954529c0,0
0be0b40b-c268-469b-afb1-65597274399d,0
0bed77fb-ac90-47f1-a9c7-f84eea95c05a,0
0bf6bf67-2588-4e01-bc43-0fba8de876c5,0
0c2a34da-f8e1-44bb-8b7e-cda17d15b865,0
0c2f3949-778e-42ef-8dc5-950c4915f5a4,0
0c337b15-def7-4eb9-8f65-d4485f60c250,0
0c3c9c60-3125-4682-bca3-1cdbee586bbf,0
0c401cf7-8462-46cc-8627-1d60541a515d,0
0c55ee65-2bb1-4260-85a5-18dd3180a657,0
0c8d9610-c716-4c03-aa9c-a705211afc32,0
0c90d5a3-4a4b-4898-95a0-b5246aacf08e,0
0c9af82f-74da-4522-959e-3f94ecddcbf2,0
0ca7c38e-d58e-4381-b86b-4f4e99aff824,0
0cb778b4-aa40-4f9a-aaa9-6c11bdfaaba2,0
0cb8a474-aa2d-4b5d-847a-962a8fa79fd0,0
0ccbbd65-7330-488e-b587-b6e2383c9776,0
0cce03e6-f033-46ea-ba4e-f29da38ab24f,0
0cce4789-891d-4ac4-9724-1c760ae26d35,0
0d0e2519-918e-4835-9258-7db5dafe4e2b,0
0d1d9953-646f-42a1-8146-eeee46287c97,0
0d21deec-cfdb-46fd-9c97-b7804c1d6f56,0
0d48be81-5261-4338-9f12-612a7d2ff50f,0
0d61d608-4d46-462f-87c8-1a853c20a23b,0
0da7ca61-49df-49a0-9cfe-31db2296654e,0
0dac66ed-8f11-49a8-ad13-01a72a4a274d,0
0dbae176-8623-4fd7-9a18-09e0016ed898,0
0dbdd6f5-616d-4166-9abf-1c606f78889d,0
0dd8c982-c744-4632-be5a-b1027eed5f3f,0
0de54e73-f667-47ff-b994-cb8022cdf4bf,0
0e10fdac-e98a-48d6-b340-df1d57137530,0
0e201fc1-cbc8-4496-8bc4-3fbb6989c0e0,0
0e272791-1163-4926-9817-703d0b02dd22,0
0e4b1836-33f1-438b-bc68-60bf7f18b989,0
0e52dc7f-c176-4937-87e6-d4b1375f6af1,0
0e64d01a-7fd1-42a4-a32f-b7b621afd2dd,0
0e75058a-bc27-4c07-9278-06b77a8c29f5,0
0ea27373-49ec-4233-af34-fda2285ccf5e,0
0ee2ce86-1c63-4e47-8237-d470faefd33f,0
0ee482b2-d7e7-41f6-8b33-7869a3525a57,0
0efffde6-b65b-4b09-a4c7-94da142be040,0
0f038a14-7229-47e0-af41-0a6ca0a3f3f0,0
0f2c111b-0971-4a47-96e6-d73890354003,0
0f3beea1-66de-4c9e-80cf-6cbe04da1602,0
0f48409b-e63b-4f5b-8daf-3124af36def6,0
0f733a12-9c2e-49ad-99cd-6e082d4cfc06,0
0f927ea7-de65-45d1-a064-22ce702e3021,0
0fba8d9d-e4d9-4d18-a082-a96dbf22c4f0,0
0fbf93f1-a639-43d7-bc44-f7a32399e299,0
0fd66624-8c80-419b-816e-7e781f7a0925,0
1006a66b-0a17-42f7-956e-c11e242d8fba,0
1006e1e6-1672-49c1-a8c9-719963505594,0
1017eb27-7648-405d-b389-eb85c40fe561,0
1025b8c3-60f6-4aa2-aa60-438e9f35dde3,0
103415c3-7710-402c-83fb-71e208b9677e,0
105f2c7f-d2bc-41a4-84b8-f5ce2259c8e7,0
106e4a5d-d994-4ce1-b84f-53d764e3a750,0
10887cdc-757b-4aa6-b8f0-53c8140811c1,0
109afff4-c684-4875-b7d1-3697209ecd90,0
10ab8c15-aa73-4ac5-af07-f2c333e0e31f,0
10e8564c-3511-4d40-b242-40e10e304c8f,0
10ebbde9-aea2-40e8-b670-7751d2507883,0
10f9776c-62c4-4cb8-b21d-b9ac0cfdb808,0
1122678b-6ff4-4238-a3fd-de88180b1ac5,0
11259e63-4951-49f1-b696-1e2810a7fa9c,0
114fb498-8772-4d1d-9ddd-0c8a4381960f,0
11586470-aadf-4348-a001-68c69e799d62,0
119acda4-2fc8-479e-8197-623b3de07b3f,0
119e5e01-8272-4762-8c4f-61aa77489f83,0
11c470f9-1881-4355-9261-33e3511227ad,0
11cdb62c-a21c-4335-ad4b-33f591febf6c,0
11e28068-80c7-4053-9739-b1a13be65d55,0
11ef7571-2919-4fea-aa1d-c423258dbfb4,0
11f1f8cd-c6ed-48e1-afff-1bb632144fd8,0
11fde855-425b-4a99-95dd-d45e6b967d64,0
1225ca8e-632b-41dd-babf-a4d4f445fabb,0
12308c18-b28c-420b-bf62-7cabe6016d28,0
124ee76a-d59d-4479-9fdc-f282ba06ccfe,0
12773184-3d2e-4450-9f29-a54a4c6f071e,0
127c980a-2ba5-4e42-b2f2-4333c123bae8,0
128a8cc8-7f7c-4fa1-9ef1-9a706453a984,0
12a574e1-7d8c-424b-b335-9d79e9ddbcab,0
12e671d7-61e9-4834-b151-6515fd83c8e8,0
130254fb-53db-499c-8e23-95df9baf2059,0
130c5afd-8032-4aaa-aa20-f554def8c1ca,0
13143646-bb11-4646-8f5c-357bbd26fd8c,0
13157c51-d361-4438-a4a5-71da83d78a1c,0
13169322-a26d-46e2-89f3-df3be7c080c2,0
134bdbec-7151-49f6-ad21-1fda690599e6,0
137a01a5-0395-4815-947e-48c600c33755,0
137e48c8-5ce5-4a54-965d-9cb9a7824784,0
137e7375-6205-4340-bcfb-fc8b9758451c,0
13887ae6-51d6-449c-bb3a-cd3c2481db67,0
1390ed40-ffae-4296-a35d-2687391be554,0
139ec165-ca61-4276-ae38-09bb6ab5dbd3,0
13a50fc5-aba3-4dbf-98a2-139d60e5e5d7,0
13b04737-4b42-4e71-88d6-6a720bbe15b1,0
13bb4dbd-f751-49c0-a57a-cf72a3d2a955,0
13c0f160-c72c-458d-9f95-9e08438d7212,0
13d7a538-30d5-4648-b326-5afe71bb6a94,0
13e78516-e472-4e28-88ce-2be32efb2aee,0
13f893ea-e5db-493d-90df-9a5c4e498d50,0
1403c78a-d652-4c3c-8187-3ef376c6e42a,0
140a09ac-d10d-460f-8cd4-d5b7418104d8,0
140f53f5-31b2-4c0b-8670-645589be4435,0
1411dca3-5219-4297-8d05-5d4ba10ca20c,0
141498ab-d8a7-4e7e-9f2b-7cdf4a4b11a6,0
1433c6a7-6764-41ce-8cc2-6b22c1b68c83,0
14343a66-667c-4370-9994-ab1696bb4381,0
14791097-a09f-4370-8c8c-fc8a2e41a6fe,0
1488cafc-084d-41bf-9c2e-6b1681d5e843,0
14897bf5-8858-4552-a8af-e654b3fbf156,0
148b0c71-7e74-4f6b-8498-184dcfdb293b,0
149b4f2e-5485-442e-a11e-1b25126e03f2,0
14ab8790-7479-422d-81a2-26b439f9bbb9,0
14b29f15-122c-48d4-8808-3be0166ec3ab,0
14c76392-abe0-4048-9fc4-2caac9753afd,0
14d5625a-c8b6-4858-8869-8a40f0b62e77,0
14d78774-09fd-4ff2-b0ba-74abc4916074,0
14daf9cc-7ae5-4521-ac5a-06b00dccf10a,0
14dd5754-1724-47ab-b224-6e3646a018a9,0
14f3c840-242b-4cad-9f61-2b691b5ae89d,0
15000a01-ff48-47c3-af8d-e1f6e9eeb3f5,0
15000cac-4183-4458-b9b9-34cded53cb87,0
151956f4-49b5-44d5-85b9-b832cc14a5d1,0
1521adba-a9d0-43d8-a4a5-31420b10602f,0
15274815-963a-4a1f-8ead-3777c0d0ae08,0
15344c5a-44e8-42b8-8937-c8f1cd1c4cb0,0
1539bf2b-1fab-4d85-94e1-1fdecfb2aa22,0
153d1fdf-b34e-448c-a78e-017331aed29a,0
1543bbba-09dd-46ac-a0fb-ee5290449aa8,0
154d3470-4856-4973-8dc6-6cadbf2f822d,0
156f92a0-ea3a-40c5-970f-606a64da7ad6,0
158b68c7-8754-437a-9c76-815ef99f7f67,0
1597b3da-8e7d-4d46-99fe-5d38c0b456f9,0
15a778db-99ae-4c61-a5d8-0d2d88b607d8,0
15e78af3-4769-43ca-90c4-1af5e7349e4e,0
15ecc4f2-3de3-4d79-9cb8-171cb8f9eb51,0
15fb86be-d6fa-409b-9245-d3c5739dc7c4,0
15fbe457-6136-42b5-b129-94f73d43220c,0
1619756d-d403-48d7-be5e-79213bf2407f,0
162d3388-c846-44b6-8fca-a19f51526d71,0
1635e86a-ac49-49a7-93f2-020ecadf60d3,0
1643bc63-5595-4f68-bf67-2d4bd7aba74f,0
164adbde-2b57-4087-accd-5152e0a52b46,0
1659da5d-467a-435f-84d8-96a5b0efae59,0
167276b4-d184-4261-ae6c-558812a85f60,0
16872dcf-9f76-489c-85c3-d3a1307082f1,0
16916c5c-e302-452d-84f8-543d0757d81a,0
16946c8f-a603-4af4-b254-f307b1b50e43,0
16b1d4a4-7557-4ab2-bc0f-9b6edc12a53a,0
16cd2e43-b44e-4198-936c-bdf442469e98,0
16d261a9-3b29-48f3-9b16-680aa4efa415,0
16dcda8e-260b-4cc5-b5b6-5d8b2c50fa41,0
16f4d872-761d-4c00-910f-c89823596c67,0
170122b0-24fd-41ea-9ce1-29fb813c793c,0
17164d21-f65a-49df-bbef-efde85c298ca,0
1718cfb9-e6e5-4865-8f92-17c21fa459cd,0
173d8413-e51c-4823-bf52-87533ff39c56,0
17419e20-ba40-4ccd-ab8d-47e21d80c9c6,0
1741f204-de19-4f9d-ab36-8152974895e1,0
174358c4-35f7-4780-a2b0-40cc09253377,0
1745eb3d-a344-4d30-9a33-680fb19848bc,0
17522fcd-8f8e-4a20-821e-ca8606ff55cd,0
175d20de-c19d-4867-b5fa-53089a265b31,0
175ff5e5-25f8-4a63-91e2-48808d96035d,0
176ffdec-04d4-47e5-92ef-33316d83a8a3,0
177fac0b-b941-4c16-bcbf-f915a1fc42e2,0
178391e6-d683-4ea7-8c84-dd3cfae938f6,0
179d2c47-db07-4bad-a5c7-2f84f8b57b66,0
17be2078-ffef-413a-af02-69fbb8cfbfa6,0
17c06ec6-f7e2-4320-b04e-5ac8f66e56d2,0
17d006da-e130-4dbb-a40c-76950a5ea3c8,0
17d4790a-d2ac-442b-963f-cdd3a4784cf6,0
17d6085a-0622-4766-8d7b-b1054c35e77d,0
17f43b8b-57d0-481d-9e71-ef02e649de21,0
17f878fd-69d3-4a5a-9405-2a9692e49387,0
17fe2265-fbe8-4000-bbb2-117f58877480,0
180a954f-444c-4291-ac36-99fc3c134afe,0
180dc855-c14b-4cdb-9d1c-6bad2bada9c0,0
18205acb-68d5-4772-a22f-d8acd89762bd,0
182154e4-d09a-4497-9ff1-e075d2725f2f,0
183d1951-ad22-4cb3-a4d6-375e83d58446,0
185017f9-93a1-427c-8d86-fab05ebe277f,0
18834497-a67d-42a3-8e1a-1552dea3b450,0
1886d043-f955-4672-84ee-e6b6b88968f1,0
18993f26-e9ea-44aa-b227-eddb267f8fcc,0
189a123d-e05b-4195-a3c2-e43f098da7bf,0
18afccf6-11dc-4150-8d3c-6bd27cb68206,0
18d3f406-3611-4d69-b13e-a4514e83e6ff,0
18d83543-2262-4667-9dbc-aed78ec4ff0d,0
18d83ef5-f2a6-4ba8-ad32-fc69028cd362,0
190f4346-a93a-429d-908b-f98e449856e8,0
1919d947-63fe-44a4-a592-943716249790,0
1923219c-8b39-4590-b0d8-e971b387708f,0
19374650-6ef4-47a6-b5ec-f13db08b105e,0
19538234-9cc6-4d10-8bda-45325a4d0530,0
1964269a-d025-461f-b9b1-02d9231df5ea,0
1965e073-c1c2-4bd3-8b60-ab1493863c87,0
19708428-9ad4-4dd3-8dcd-275b1116d076,0
19945f20-ae9a-451c-b0ce-713496ea3e9d,0
19a66864-19f8-4ee6-ab8c-ecf4bf51596f,0
19d83d0d-34dc-4242-8459-7cb523113ddd,0
19e07eb9-9fff-4f8b-9a4a-a57619baf237,0
19e3d2ac-e176-4f4b-ba87-ea91b9fa734f,0
19ec30e2-174f-44c4-8d96-8d0af0b4c8cc,0
19f1c450-bf98-4e82-80dc-95fe06a088fd,0
1a016b77-fe42-4744-9ae4-154168f27efd,0
1a07d6c4-912c-481f-a736-0b84825e4af0,0
1a0a86d9-bdf5-457e-b9db-eb761bbe6f19,0
1a0b23d7-3356-4b83-af63-8ca7ab8b0689,0
1a15f377-43da-4f74-8802-f5ce76e921f4,0
1a245c20-28cb-4dbc-a0a8-aa5b96d0e0cf,0
1a246ddd-e336-4ecc-8310-477007887919,0
1a3c92b4-6818-4eda-b271-36f008a75e22,0
1a682842-63ec-40ca-ab3e-8eb6c5474d68,0
1a6ff621-39ba-46d2-9029-dd2048fd26ba,0
1a76b3a7-abfc-404d-9afd-190df2a3ae75,0
1a9890d0-f41b-4ec7-b2b6-e898a30f8087,0
1a9de5e3-be79-4b9b-858f-d3bab70e47b8,0
1abbedaf-331f-4f94-bade-646f40ee8c6d,0
1aefecb7-0ec4-4547-991f-4042dea0469b,0
1b0485d2-8ebc-4057-90c0-0e816e92cf3b,0
1b10b974-963f-462b-8a92-0701042f70a9,0
1b15d791-68fb-43cf-a737-7f143779bab1,0
1b1d06a0-8979-4cd2-b942-b578ca3c3b8c,0
1b21f69c-bb99-449a-8abe-3aba48869f02,0
1b24d962-ac9a-4d16-846a-416e4a84fe47,0
1b3a9f8b-3b62-4643-8798-952971bbe9cf,0
1b4e8b44-e100-403c-ab29-960b90521bdc,0
1b709010-f6da-40e1-937f-0c13523ae466,0
1b74838f-f63e-4639-9cfb-d8d06e8c11a6,0
1b801288-8950-48be-be66-0285bbba1283,0
1b9964dc-49af-459d-aee7-f2304c762bf2,0
1b9b359b-bb78-4559-8714-9ed0baf6447e,0
1ba3b729-8bee-4ad8-b5a3-1ab2ac565bf5,0
1ba44c77-9c20-4e6d-a4f7-ab80c6d9b127,0
1bbe26d6-891b-48f8-9e2f-36ca009e9b49,0
1bd1c7c8-a739-40f4-bc65-fa1bec883d93,0
1bd588ab-fb82-47ea-9b66-3bb9c2ad63e9,0
1bddc912-721d-4c5d-b976-4cdad9a746b0,0
1be0fa08-4f61-45e1-8a26-c3ba21b4f37f,0
1be6bff2-4e97-445d-9cc7-d1a7f1e957ce,0
1bedb0a4-9153-41d8-b0d8-ae625484b559,0
1bfa3fdf-5ec4-4f8b-9a76-d6f7e80283ce,0
1bfb6e4d-7ab3-48a4-ad64-e8bdad1764b6,0
1bffa086-36f6-48fd-823a-b6a8b6499cbc,0
1c360da3-4905-4ea2-82ea-87d0c80ea339,0
1c648232-b14c-4910-ac4d-0b9dd4fc48e6,1
1c7d4802-11c7-4a1e-a115-ce85993057c2,0
1c86c9ff-2c6e-4eb0-baa2-bc8451ea335f,0
1c89973e-a8cc-4ebf-920a-e100fc6e84a8,0
1c918f89-79ea-4490-9571-cdca59b24fc2,0
1c99e420-de3c-41b3-aa03-adf3d0a646bf,0
1cccb99b-97d6-4799-9d2a-5c88b34a4e3d,0
1cedbdf8-eeb3-4335-8bde-14fe554646b4,0
1cf537ee-7556-47a8-ac05-aa2f1ca597aa,0
1d00d14d-d526-4312-93bb-3f2164d7b1a5,0
1d0f8fee-4539-4776-a47e-0b60cf9e510e,0
1d210cea-7cac-4096-ab2c-a7d1f8210c50,0
1d21fa05-35d2-4a2e-9c56-81c0848ecfee,0
1d240988-0cfc-481a-ace0-7f10fc3b1a09,0
1d311954-3e6d-4a6b-9030-110bb945da1f,0
1d333d1d-5af0-41d4-9b80-2869ff8c92d6,0
1d37ac43-896c-412d-8e05-f1852b1a69fa,0
1d56f8c4-eaa0-4f06-aadf-d45471246c56,0
1d5cb319-d577-4184-a7f3-71b18cfd953e,0
1d841eef-c5eb-41bd-bfb2-3a1e18a61767,0
1d91597d-703a-4b15-b379-c748773ba20d,0
1dbb7f4f-3da7-49d7-9349-5bfef49b5c2f,0
1dbc015f-a406-4d4f-b6d9-8fbfd7172060,0
1ddb96d8-2174-49f1-a5fa-8450e5cd4a6a,0
1dfd606a-8ac9-4c75-9879-d806f9bc9ac6,0
1e077eeb-0e21-4d3c-9d17-b98d958f99c0,0
1e0c853e-e2a8-4d2f-9cbe-33f228eb2ebc,0
1e0ff599-b3d2-4192-891b-338f64e0110c,0
1e1616a9-234d-4374-bea2-506fa424f4c0,0
1e2ed7a9-0571-402e-8129-40cc34e70af7,0
1e2f2b0c-80f3-4efe-8310-fe8452e913cd,0
1e68ea35-7b29-494d-81b4-f7978df76f59,0
1e69764c-aa08-4089-960f-4e30a7e7c3b5,1
1e860125-ab88-4d02-90d9-51b868c1c9c1,0
1e91b76d-d2ac-4540-aa80-ededb69f922a,0
1e95c05a-3357-4901-98ae-88a0bd1fd577,0
1ea2cbc8-0547-401e-a517-3caa636fdf2f,0
1ea6979f-3796-4372-af8b-0cf5d088d951,0
1eb90c0a-a3fc-4334-818a-72897734e944,0
1eba371c-db27-4afb-b8d6-bf5a4157d3b1,0
1ec416fa-9a6d-4e9c-8107-a9a7e66d80bc,0
1ec8aaee-0131-41c5-a2ec-463ed952def4,0
1ecd01dd-bfc0-4773-b56c-85fead6142e8,0
1ed8c160-01bf-4cd8-8102-81ebafd85414,0
1ee80302-f33e-448e-b4cb-449ff6f43280,0
1ee9b91e-e37c-4ee1-a351-81d99946ac32,1
1eeab894-0299-41f8-8bd1-49e2439f3fb8,0
1eed3e9b-9aff-4673-bf5e-36676b95a1b3,0
1ef231f0-33bd-4fe9-b851-48a6c6703834,0
1ef7a4ea-e8a1-4f7b-9aca-e3ddcadb7687,0
1ef85b5f-1a14-4f1c-acdd-d3aee61a4045,0
1f063fc0-a4a2-4dd2-9d4d-870754be542e,0
1f097cc1-d5e8-4c27-ae9a-05e0f0f081a8,0
1f25f364-5752-4288-8d4d-cc494ad746ed,0
1f27016d-c0c8-4ccc-abfb-5430e5b7f338,0
1f37ae7f-7dee-4cc0-9ba7-b3747555c92e,0
1f3c68b6-b706-44d7-a318-d59df97ff1fa,0
1f3c80a7-89d3-4801-a455-ce00a29163a5,0
1f5785e1-32c6-442f-8f8f-5a01430bc312,0
1f649aab-cf06-4ee1-a52f-c1b01095e2a4,0
1f6d3445-5e1c-4eea-b6c7-f07dc9430cdb,0
1f9ed2a8-9672-4ef5-8298-720b283665ce,0
1fa74347-4ea1-4638-9433-dc6f1c89aea6,0
1faf4170-9944-413e-81f9-9d83f8258496,0
1fccc699-1f1e-46d1-a591-a62661fdc7d4,0
1fe08b3b-034a-4858-ad53-0cdd6a90bd69,0
2010de8f-2bbd-410f-aaf2-69360c597179,0
20113f7d-c9e0-4356-8ab0-4ca31d545cd9,0
20188d13-4b66-4a4a-9f7e-eb9e9013ef6f,0
201d400e-fbd5-430a-97ae-55fc2caf89b6,0
201da1cf-80b5-43a0-814a-7cef33acea92,0
2037893b-4761-46f2-9488-0efda7ef641d,0
203ca893-a980-4004-a013-fc1f3f9a0f2a,0
20452431-d7bf-446f-b8e1-62e655fe9203,0
2050a1c2-4f97-4e0c-a755-d65d747b4e2f,0
2057c620-d29d-4501-9849-9349140bdc20,0
20588f8a-e7ce-4ecc-a1cb-e9b9a9973e10,0
206dfa24-0c36-4da4-acb7-12a81b91ed5a,0
2075f8a9-0f52-470e-bd88-3c6f892d31f2,0
2076334a-95d7-49db-8956-200710c51877,0
20ab2bda-3e5a-42a5-bfcf-4926bbdd3f97,0
20aef684-c44f-4c43-bcbf-78554b9ac539,0
20cb680d-b003-4fa7-849a-06e594e76de2,0
20db2bed-58f3-491e-8e59-7df796fc02b9,0
20de9f3c-8b2b-467c-a023-5aaceb36ac80,0
20ec3909-d946-47c9-b69f-b819c0b3314f,0
20ee9fdc-cea5-44f2-b28d-d58e6dfa1799,0
20f235f5-6c3c-49bc-be8e-07e8cb76cb3b,0
20f2d62b-ee91-4b93-abe5-8cd373622099,0
20f5402d-2d19-4a02-84dc-55dfaba114a8,0
210f0aa9-9266-4cc2-9141-55a22c6f9989,0
2133211d-dc1a-4abe-8dcb-3c4decf06fe4,0
213eb9a8-ab62-44b0-9b7d-3295e854e552,0
214c8387-056d-4508-b386-5b64769ec5fd,0
21642520-0a88-4071-807c-59876bd57a2a,0
2164fd96-09e2-4976-bee3-83f06416b316,0
2180b61b-25f8-4d99-9666-81bf79b18433,0
2184e99a-f0c3-410b-a638-9b2ef6743d99,0
219fdcf8-43f7-4cc5-91cc-2fdbf551fcff,0
21a73705-144e-4413-b419-162ac79e3e6d,0
21cbd96e-fbdf-4165-b7ca-3f043c375562,0
21d8dbf4-5bbe-4000-b6f7-c4adfd7c6c2c,0
21e0a1dc-56f0-47ad-b0ec-6d8eeaa2b1dd,0
21e30980-d550-4858-9ce7-7d3068c650b0,0
21e4f00b-0074-478d-89ab-2fcf7b7760d2,0
21eee85c-ae42-4301-a30c-a9a149e4dc14,0
21f89273-2c0e-45d4-b336-2f4f6845c88d,0
220366f1-02eb-4165-92f2-031713ac0090,0
221c6fdc-581c-4941-8160-02f7146132a5,0
2238098d-e037-4503-93c2-07f5875bb1cd,0
223890ec-40e6-4ebc-82fa-ddf85cc6b4fd,0
22396453-55d3-472f-ad2c-4331bfcd7306,0
2257fce2-586d-4ba4-8e1e-adb3e2ca8155,0
225a477f-b452-43c7-88d3-1c08901855c6,0
226050be-788b-4303-8cef-0476195a360e,0
226d5829-cd64-466d-9e0e-ee17277f5a80,0
2288d291-e3af-4e1c-8759-96b1f0f4ab91,0
22a329db-0e37-412a-94a8-cc801dd9fb38,0
22ad358a-fd26-4bc9-ab3d-1b67c0f30000,0
22be7dc4-b37b-4d30-8673-20700c8a32c6,0
22c93620-232a-40c7-afc1-9535fd05dd58,0
22d3a9be-f34c-4e61-993c-6a259601926d,0
22d9f44d-3454-4381-b9ad-d084c30c8462,0
22df6946-334d-4a98-9a93-1eb3ceb66996,0
23007afd-ab2a-41ce-a39f-27ed7924bef8,0
2308e55a-7239-4faa-a884-f96d89beec74,0
230d3963-9d03-46b9-b032-c538f1878cad,0
23276dd3-8a5a-4fac-b8dc-5185119b73c8,0
236724b4-c7e1-4552-b312-4bd19108ecc7,0
2376c927-d734-45ae-a900-c15cd7460ac5,0
237ece80-bd8b-4d6f-a580-b41f11762a61,0
23bb9ec5-5091-4c2d-b9e6-7d46581fc412,0
23bc31ab-4c7c-4d6e-99a0-33cd9289063d,0
23c03bec-5e39-456e-8abf-b7671e945c61,0
23c440f7-7ef3-4a5f-9188-729844387e10,0
23d166fa-05ae-47f0-b628-f700a7eb6dac,0
23f0f3f3-b020-457f-9293-f25b5bdda73f,0
23fd3d66-204f-4e84-ba6b-f97fd76201e5,0
2419a37b-0187-4baa-b1bf-b1337b484c53,0
244633b2-1232-4352-bcd7-50a87d6e01c7,0
2446506c-733e-426a-b954-0bf39f048370,0
2451021a-6c75-44e5-a6b6-04bf0d977213,0
245732da-b624-434c-af90-aa04853fc3cd,0
245b38a8-2554-4ac3-a7f4-9c98e468f35e,0
24642eec-f331-48c3-a3c5-2002cc5ce198,0
24776809-9ce6-4cfa-8542-c3849a9ae01e,0
248fba46-1cfd-4c08-8c5c-b53b88cce4a3,0
2497cec9-9779-4930-b5aa-1ec28032238d,0
24b56468-3b1c-46d1-97f6-1718a8115ca4,0
24c17ada-dc29-441d-a056-16cc1bb5b571,0
24cadc0a-5138-4cf9-8574-21273534bdae,0
24e3d05c-1d66-48de-b4c2-2f16993e4789,0
24ed544a-c718-464e-9964-f0dcea21513b,0
25027fde-b79e-422f-945a-82e04816e16b,0
25187c80-8973-44f2-b0e7-47963196ebdf,0
251e5d5c-6f6c-4ef4-933a-42202e49ce38,0
2521946f-6d08-4e2f-9f13-9c1ac0713727,0
25785acb-7f58-4e15-b78a-229d49335e5c,0
258b52f0-02d0-47c7-a650-953f14c283c3,0
25a0e3a2-bbc7-4f7a-81d2-ba8eb1c96f6e,0
25be3da3-e840-4af3-87da-5b109ad468d0,0
25c1e8c4-ce18-48a0-bf50-783b29579213,0
25ce4d25-8ee4-4d67-b652-ccfc43dec548,0
25e0f57a-191c-4478-8cf1-ab34a6ffb495,0
25e83616-316d-4633-b095-5c6d38d9d7f6,0
25ea6710-7b8f-43e1-9fcb-efdbe184306f,0
2609f8cc-096e-4e51-8037-2025514945d3,0
26498761-0006-4aae-bbec-012f669c6d87,0
26553e53-a7af-4acd-89d8-a53769512503,0
265592a8-ccab-4d24-8362-e18a5bd80ac1,0
266fa87f-8a43-49c1-ada5-3687f42121b0,0
267d21a8-8736-4ad4-8a6d-38ce831db0c8,0
2684f2a8-8904-471d-8ac6-7eea09edc958,0
268af14b-569c-4ad8-b694-fc186ceb0880,0
26bcd352-3649-42a2-8ee5-f8ab3454d83b,0
26cd28da-28ae-4d32-9e7c-6c46f2c30603,0
26cded60-9da2-492b-9bed-d9c5fcbc5bda,0
26f680f3-de07-43a2-a4a5-5fd14a7da4d9,0
26f99e2b-6741-4857-be64-7f0a2adb9aa8,0
27012ab5-8d01-4ab2-8f33-55848b830074,0
27040183-3de4-4e5e-b66f-b9081f78d59e,0
270da0ee-72a7-4e06-bac6-c72f923868eb,0
2729aa8c-1a1f-49c4-8615-bf9c36feb5fe,0
27359387-634e-4dba-be08-97ef0a522303,1
2749e963-8ac9-49d4-a829-f6b7ff43b8d1,1
274a7cc5-7a7a-4ffc-9b65-b951e689340c,0
2755660d-418e-43b9-8690-ae59fb0703c0,0
27655b25-7624-4424-99cd-13c95521cff3,0
277f43b3-3b65-48fb-b09e-333f165a973b,0
279ef433-05ba-4233-a212-ca25572e32be,0
27a1d8b6-5c9c-4804-a1ac-b2f3609b0d16,0
27acb075-1dfb-498e-8484-b8078368f3be,0
27c4c392-6ca4-4b76-a0a9-cce0877e34de,0
27fe051e-bf91-4f33-a4fc-06d2bad27f2c,0
280c54f3-7634-47c6-9569-0cd2ac86ac6c,0
28212baf-21ef-409e-992d-a3421cbb8aed,0
28370af3-a525-468c-a486-7ef2bcf1b8ef,0
284ca909-2b44-4014-b5af-10f811914c90,0
28580a0b-7dfd-4f1e-91b5-0d4c5e65eb8c,0
2872d400-95e0-466f-a541-43adcdb02ea7,0
287adfa6-094e-461a-b0a1-e2163a3dfc99,0
2881fdf2-c5d1-4b34-8410-20a865e5e7fb,0
28875f39-7880-43a2-82bf-8c608aabf9ae,0
28a5eee1-aff9-4281-b370-2e15fdc8dad4,0
28bc9ed8-8b91-4af6-8e9b-ff32c69c3f43,0
28c49cbd-bb11-432c-bce1-abe257657260,0
28c54f76-301c-43d0-9397-b3d833192042,0
28e5c706-50a0-4ff7-9db3-8e89e177cd79,0
28eb6311-c169-4aab-9e91-523f0f3926cc,0
28fc9d6b-81ef-4c11-b316-f080a0b5338a,0
2905aaa4-ec85-499c-944a-186ba486d818,0
292fd4e7-6580-49ad-a0d1-c607fa10bb1d,0
29696243-f8ac-4bc4-9937-d3e7470f7fb6,0
298718d1-634f-4719-86a3-0269e7a81eef,0
2987eb1e-d91a-4ddf-8808-a2d1a7a0b9de,0
29afcedf-61c7-4c9e-8c4e-037fc8acba6e,0
29cc2662-1cd2-4e71-b64b-3587532468b7,0
29d3ecb0-acbc-45d4-8f6c-adf2768fb491,0
29e288ba-cadb-4845-a479-cc0dd820bee4,0
2a2037c5-899f-4670-b207-68e1e73bfd50,0
2a2b001f-4628-4f6e-a458-746fe380049f,0
2a3c6bce-e3b9-4076-b760-636813d33f95,0
2a43174d-a590-4560-9b1b-d7ed90ffe1d3,0
2a52ef2a-d51c-4dff-a7ae-21414fb6a2c5,0
2a576fe8-a8c2-44bc-b8c5-6294430f7f5a,0
2a58dad2-8d67-4fe4-8d2e-a3c8bf041f58,0
2a67f7a2-6521-4a57-9bf5-8c8bd1857146,0
2a71e56d-58a4-4786-8cea-4a89cc0116a0,0
2a76bd6d-2a0c-4703-84d9-5482fb23bbe2,0
2a9274b3-0907-48fe-81b2-9200391bfe5f,0
2aa12235-e3e2-48d6-b935-e314867e2a1c,0
2aafa89e-0a06-464a-b142-19d3df5abbff,0
2ac5b085-2b8c-4067-8a01-262c1351dab0,0
2acae2c2-94a8-4106-890e-90732ff99386,0
2ad318e2-63f1-4999-bf3e-f25907ed3f02,0
2ad45439-f5c8-4128-a983-8fa2cdfe196c,0
2b0a52f7-c8ac-4127-91fa-d11a83a50d2e,0
2b0bd636-5800-4462-998c-82102bec46f1,0
2b1e9bcf-878a-43a8-b356-a2fc101ac514,0
2b1fab84-bc00-4e7a-af69-6707b5af6294,0
2b4b45b5-c451-4caa-be78-0d6e9d24eb5f,0
2b4d1bd5-3835-4d43-aa2c-13392374a698,0
2b588056-9127-4b62-9465-21fe540adde0,0
2b8eabba-7e8c-47b4-8dfb-60f7afa2245b,0
2b95b25a-6b2f-42cc-8d7d-35eb01a485dc,0
2b9f0560-f0ca-4cc1-9534-82f1f5fd9353,0
2ba08f41-b133-4326-990f-666cc6bb29a4,0
2ba3c7b7-5fae-494a-b72b-3fd359e17c1c,0
2ba9f65a-ea4b-48db-bd45-6c7d6ea95525,0
2baa2839-42fd-417a-9e44-0f2aba49f587,0
2bb30893-b67c-451c-8154-bb0a295732e7,0
2bb626df-12bf-4023-adda-849cf53e304b,0
2bbbde86-de2c-4613-87a7-2b9c4e907444,0
2bc625bb-c24e-4c2c-b50f-f8c8adccb74e,0
2bf8483b-ab6e-457f-a4fc-f69c29506adc,0
2c1aaaec-8f3b-4100-9cb0-2a4c0c441b57,0
2c288068-db00-46aa-a266-a476b2e0cad4,0
2c3fee02-a48c-4058-a3f8-f18832cf079b,0
2c5b408e-b9c8-4141-94d0-bed2f10ea4a9,0
2c5cc7ea-a8d7-440b-8573-fc58c74c843d,0
2c70da94-e78b-41a2-9194-c99ecc9aa96d,0
2c825f94-ae1d-400c-85d8-c93dfc0a2e65,0
2cb646c0-e908-4805-b99a-dcf677ee9c5d,0
2cbe19d0-a8db-468e-99ae-cfbc58f01622,0
2ccf3f83-cdb1-4ace-acd5-019f8312673a,0
2cdeaa11-6ae0-4a0c-88d3-92ee60f35554,0
2ce164e8-8bd0-4d49-b7a0-1050a87937c6,0
2ce19ab8-ebc3-4a4f-b743-cba59a70e3b1,0
2cef232c-2f9f-4007-ba78-10f669020630,0
2cef4f5d-2c6a-4c40-ad8e-4736a0b6fc06,0
2cf34692-4cbe-4bd4-a49b-a517c67df639,0
2d01c009-195c-4f44-8442-e943dc8aa5a4,0
2d09c993-fedc-4ca3-b328-10485c235887,0
2d0d2805-1c37-4c81-bb5b-92d5df601316,0
2d2a4401-5bfc-4dfa-81db-31482b661cdd,0
2d3c0000-c35d-4e6f-9388-8eef194db9e4,0
2d40517a-9158-4c1f-9fff-01abc810ae49,0
2d5ff61b-838a-41c3-8ca7-d194e019a79b,0
2d668d25-e0f2-4b8a-870d-fe7c6c3fecf8,0
2da2e3b0-f0db-4809-b3e2-e8307539df40,0
2da6fb7b-ec42-4fd4-9e6d-04ff922e967e,0
2dab0495-5645-4807-be01-b56f9e13e7da,0
2dbd7f9e-9f78-45bb-bce5-a2d8a9061b74,0
2dcfb64e-ff2e-49d5-8d86-561a80e195c2,0
2dd0b04d-b36d-4e1e-a014-99ab4cf7dee3,0
2de89484-bcbd-435e-8306-83bbf8025b27,0
2dec7ffd-7180-456e-b13d-676fef0dd70c,0
2df57bf9-ab32-4a0b-8289-6513770e72d7,0
2e03b68d-7c39-4e4a-b829-069f4f34c5c7,0
2e09ca6f-6b4d-43eb-ad44-b15bc1aa7995,0
2e103952-fa35-46bb-810f-31d24b329ecc,0
2e14f935-7333-4634-b162-14f598f23ca8,0
2e1c273b-744c-436d-a1cf-c2d5dc2e9b75,0
2e211f56-d5c6-4b27-ad43-60fa9a226cfa,0
2e2d1b2a-f5f7-4a5e-9260-36309fb3c48c,0
2e4b7932-422b-40b7-958f-7cedfa30e268,0
2e57e846-a044-4abc-a39d-cdda9e76554d,0
2e5e5a7f-ef5a-48c6-b4c7-bf903ff0b708,0
2e65042c-8693-4e55-b37d-bb9c8ab0a063,0
2e928926-4a31-4d81-9028-606b611c6219,0
2e9c10e8-507a-4d47-8bf0-5e2d5f524c33,0
2eab7a04-04bb-41a0-953a-58e085015a99,0
2eca2275-b222-44df-a1fd-9804cd8846f9,0
2ecb792e-9b35-4180-93fb-a3dcc889d9b3,0
2ecd2c97-f013-4f3c-adcf-fda3b2841923,0
2edd9235-f6d1-45c2-acc4-8ede8029c881,0
2edf4eb8-cbf0-4ae3-817a-18fcb9c798fc,0
2ef92384-3484-402c-bce5-76f1e701d9cb,0
2f1cd88c-0c4e-4105-98b1-a89e44155017,0
2f25cc8d-f86e-4d6c-9916-17b53bcb330f,0
2f4eabd6-8cea-4cdc-80b9-921aea11c8ec,0
2f4f0d39-d10d-4c12-a4f9-5abea966e241,0
2f4f4cb6-5404-4aad-990a-25b5e989dca6,0
2f5e68f2-0806-4f2d-80c1-e18bd8f9bb4f,0
2f66116c-47cb-4345-9352-f26e402a8e4f,0
2f77b84b-c656-46ff-a36a-46894fae737d,0
2f8a9c51-278a-4fbb-b60a-be289e5dd1b6,0
2fbfd409-69c8-4f3e-b829-2244eca40114,0
2fc09f5c-58ec-4304-806f-1eec16d3aecc,0
2fc363b1-cfc3-4df9-bd8c-53d15d95bd22,0
2fce8b7f-9899-45f4-a8ac-abb55747e5ea,0
2fd1170b-23f1-4a88-94a8-24b6830e62e5,0
2fd26f18-a966-46ee-9bde-4fef718f7f9b,0
2fd2b455-3c2a-4e7c-98b8-a3671a2ce6a9,0
2fd91f90-89f9-47de-a113-48fa6cef8d3c,0
2fec0bef-5cb3-4a80-92dc-c9e0914236a5,0
300186ef-943d-4746-9bb4-1c62ad4b08ed,0
30035f9c-0275-4d61-9269-03e703677ebc,0
300bd0dd-4531-4a8a-80ab-b10b9371ab6d,0
30379f19-f164-42c9-b3f6-9bddb25b275a,0
303a97c6-da21-4b3d-aaf8-4b5453a35eac,0
3042cdc4-261c-47c4-8146-3a953e625e8a,0
30443db2-fd14-4b7a-a9b0-531ae1acb030,0
30552fe8-2eaf-4382-88bd-4fb35973f251,0
3079cf62-3aca-4a9a-952f-c311c5498ab3,0
3083a683-8850-45a0-98d2-b486fab875fd,0
308797ba-2e7a-4c4c-9cdb-ac87f15dc920,0
3098a07a-251d-4df9-9bc2-f3bef44f47cd,0
30a090cd-7818-4482-9f37-7a589a06b99c,0
30a20ed5-e40a-425e-aaf2-b21ba0863c8f,0
30abf5d1-5947-4e72-a4fb-81e4f4b42b83,0
30bcf9cf-72c9-4fa1-bd10-c458de9ad46f,0
30bdf7ab-e5b5-412f-80ca-ba200a720edf,0
30c49af1-b967-49ba-9ad9-b2e0d009e313,0
30c49d74-2d0e-4180-b850-3b07727fe20c,0
30c6f01f-3c5d-4758-976b-3240fed500da,0
30d79953-fc0d-484e-8fcf-5410ebbcf2f6,0
30dfa003-1ecc-417d-9562-9e3a12518e3f,0
30dfed06-744f-434f-b593-c1ffb99a30f3,0
30e04cb6-dc43-4808-9f1c-fc44b1936ed7,0
30f373fb-fbc9-4287-b391-002df64b6bb7,0
311dde3f-974f-4d93-8f34-d9b81d06d1e5,0
311e017b-3be2-4511-a4a7-a68833dcd77f,0
3123e5cd-ee3b-4881-a4a4-6c9a619457ec,0
313f5fc0-e083-4bd5-83fa-5b0eb4d4d0f8,0
313fa07f-e999-46b2-ae15-1a6a9a7a99f4,0
31500a22-1e6b-427d-beda-16ba1aee00c9,0
315633a9-bb0b-40be-ae58-ecc93e3937ab,0
315ab4ca-6b33-448c-9507-13842263e21b,0
315ddaeb-e2d2-4503-b324-6f7f92d187af,0
31623fbb-8d67-4aaa-9a5c-77d4da8debd0,0
317d2722-1304-4a48-9af0-682dc0136891,0
3190b5a1-2bf2-405c-89fb-2630dc80fa4d,0
31930757-749d-4e00-825b-9253431be500,0
3194c2a0-abe9-4e34-8b71-7fc406f55bb5,0
319e2112-2850-42d6-ba12-02577f5dfa5f,0
319e78ce-3a45-499a-80ea-2c8191b6ba26,0
31c9d6dd-4f66-437c-9ecb-25325c73fd7c,0
31cb7902-227b-46ea-9e4a-6cf2ea566800,0
31d030ac-072a-4f64-ac44-61e8504ab292,0
31f72804-8c75-4fc5-930f-9e1071801be6,0
3211323f-4e6d-456e-98cc-bd624754d24d,0
3220cb63-c817-4885-8bcf-d47a9af7c00c,0
324ce855-ea94-4257-96ef-7940f97d1911,0
325e46d3-4a61-4c0a-b015-57a5f43fbd7b,0
327a18d3-a752-4fa8-8063-04f7301376bb,0
327be0bf-611b-4ae9-ab6c-8bd52bbcc865,0
32a828b8-ff83-4c68-a5c5-0083a223d81b,0
32bfa952-b22f-4838-b279-d02be58eb56b,0
32c6b973-4d8a-4458-8826-aba453d67ab3,0
33044547-ffda-45e5-9d60-7c426d1129d3,0
33053ed1-eca6-4635-a3a2-a244d9a8ef4d,0
3309e621-6263-4bb8-b13f-3f5b9c3cbf2d,0
33367b95-af6c-4b68-bd66-35e4e1795ff2,0
333782ae-4893-4cc1-b9e2-5989ed02cfd7,0
33435e95-659a-4ba3-ac85-ac34942a20ff,0
335d76cd-a4f1-4c9d-b981-93494112da39,0
3366d37b-d297-4106-b07d-11cf1292de86,0
3375b403-885e-4cab-ab67-a3e42b389b0d,0
338678b9-b457-4135-b7bf-acd82baf5193,0
33c5c346-8d9c-4d7c-9f49-812f0760a1a5,0
33dae25c-f2a2-4b48-a9ac-cd18d486e11c,0
33e3b164-9b59-4f55-99ee-687a9f676a75,0
33e73eeb-aa56-4c04-b2cf-e9f4637d1cab,0
3471425e-c031-4762-b8c2-f1d4a0d42da2,0
3476d8fa-1cbc-41de-b6c6-9bae40e687d6,0
34877a28-555b-4b60-9f1e-4d77a54e7b95,0
34952d5e-6a0d-470b-a49c-938d73d6a5d6,0
34965cb0-d52d-4112-aa23-08e6b7265e08,0
3499e1a8-70e0-4336-b68d-a9f813def6ba,0
349e0f0b-fc1e-4c95-8cc6-ceffdcc83121,0
34a17a9c-997a-41d0-8a12-c195807f0967,0
34ab6257-e6eb-45f8-91f7-2dc3ae064d03,0
34ab815f-0f52-4e75-81be-a8f326576dba,0
34c193a0-899b-44b8-af43-c11febd069dd,0
34d3040a-272f-47e8-9298-142a2db47d61,0
34d5e733-b4d3-4701-a688-2d79702517c3,0
34d794f0-acf2-44f9-ae07-53d2c7ef0f67,0
34da8712-329f-43c5-85cf-088b0bf2e518,0
34e8036e-b855-4275-ac8f-83b0aebffd6d,0
352b533c-461b-4ed1-a9ba-d6c926fc3b78,0
3537c448-e283-4258-8aa5-2abbea15927d,0
354888e7-6a36-4887-ae97-be3646780790,0
354b4a87-7631-4041-ac63-b9f42a7c5899,0
354c45f1-6f56-44f5-bfd0-cfd4a89a1aee,0
354e2e32-02df-4b3f-981e-5961f99fb25d,0
35600749-6d04-409d-a530-34afb1daf60f,0
35637b2e-82e2-4ba6-a9bb-c49c7cd2d41f,0
3572eb89-83df-4e4c-9cc2-09f1d7eafb62,0
3581545e-16d6-4c58-a15c-838f8062a911,0
3587a46b-ae91-4e6e-952f-cda40e6b242e,0
359d6ca0-b23f-4158-91d1-dde252aedc28,0
35a8a979-527e-453e-896f-a57e037b8e43,0
35ae4365-c0f4-4444-8596-cfb5172e84e1,0
35c828c7-f56e-4125-bf8b-561504650fe7,0
35d0fe80-2edb-4214-8db9-4cdbf43855f6,0
35e26bfe-080d-4de1-beff-b48da8ac7e73,0
35f04e7f-26f8-4653-a904-435a77bf53bf,0
36077974-1554-43ca-961d-41d1c974530e,0
3615f2d7-306c-43b0-9f2f-6eccc50817f4,0
361b3e41-139b-4678-a8ff-4639905adbd6,0
36280197-4f3c-4629-a4ab-6a23fbdd73a4,0
362f134d-023c-4ada-a7c7-4b69518ab62f,0
36507ac2-7b84-42bf-b80a-04a6dc996ab6,0
365ac7de-2507-4627-9b50-981b76441f2d,0
365b7675-aa18-4c9e-8328-d6efbfb65e8c,0
36660d51-1868-4fdd-90bf-25923b6785ff,0
3667b3a7-4cb0-46bd-afdb-ad440e8972f5,0
368aff03-6132-4fb2-aca5-8ea5a9a46c41,0
3691659b-ce2f-4043-8041-d62be1c43227,0
369efc34-4504-4e89-8bf4-7dd5714bd18b,0
36a3bcee-e71b-4151-8c51-3bad7fef51b7,0
36aa1fd0-f056-4eb4-bc8c-3d7dbb1e4c21,0
36bbaae9-5fd6-48bc-9f8f-feddaca97b20,0
36cf0bd5-6aaf-406b-8f99-6042a44041f7,0
36f210d6-bd83-493d-8c61-e3db73e56c20,0
36f86b94-ac15-4e89-b11c-a969baa4e4f8,0
370b1368-bdd0-4ed4-861b-625b36b9e3d7,0
370e5c5a-bcce-4069-b2a9-ce68d45b3eb7,0
371f6f17-209d-4875-a449-7b65958978dd,0
3720b419-546a-4c1b-bc3a-f19b8b3c85b3,0
3733aec9-41bf-4089-abb0-0c57f77582cc,0
376fcc2d-0e6d-487f-a429-3e73ffe39de2,0
3770e1b4-9e18-4f8e-b27b-f7aa3ca0d550,0
3784cf96-6a80-4128-8b8d-473ee5d79484,0
37b8586e-85ca-4738-8d1f-64ea4e91c7c0,0
37cdee60-55d4-477f-be7d-db7db043fbb5,0
37d8c134-db5a-46fb-8391-e86385fb0f9e,0
37df25dc-17b2-4d84-89f4-09cfbecfceb4,0
3802bb19-573e-4c6b-9586-8fd3af359cad,0
38033c2b-f3e2-4089-bbf2-6200fd5de45b,0
381e774a-96b6-4aa7-bd14-9c1b75e43686,0
3831d37f-f86c-4c44-9a8e-7dd3b925919a,0
38419398-f0cd-494e-9318-a4d7dacdfa35,0
3842bebf-22a6-4f84-afa0-8e5ae6dc5baf,0
3871f20e-daf1-4999-aefe-cd8fba57333f,0
3875a555-58c6-422e-a9c2-8281c477e32a,0
38959c64-f95f-4f2e-9a9b-d52f13127818,0
38a2a9b0-9acc-44d9-87aa-5fb8819fa70f,0
38a5089e-f795-4ef0-8f24-6f8d0749fa27,0
38ac30e2-d75b-4bde-bd45-ac4e22fc064e,0
38be0249-0ecd-4b79-acf0-e5f97a4deb36,0
38dbc360-229b-46c4-95e8-224520faf828,0
38e4ac40-0b9a-45a3-8088-748e774f5d71,0
38f6b1c8-48f8-41e0-9b74-f4b0e5426728,0
3914fa9f-eaa8-4a95-b0a0-cc91914cacf8,0
391fb0d7-20ba-4acd-bcb5-6f4a7e6d5758,0
3960d23c-4a7d-4749-91c8-f5eb078b6107,0
3969f5a8-25f4-4fbc-b9e6-791454092430,0
397552d4-ada2-4a93-9a49-b7114e896e29,0
3975de7c-013d-40fb-8fcf-34224a792c0e,0
397d5a9d-9b3c-43ed-969d-388553d82f99,0
398c3594-c38e-4245-be4f-77c5d26ad586,0
39a4945b-0d0e-42fb-9e40-3330cba0237e,0
39a8471b-7d5e-4254-9944-ad5ea92ea108,0
39ac8302-7701-4cff-b81f-ad70fa1e1902,0
39bc77c9-2bea-45ce-8fba-745bc92f73ba,0
39c39706-8427-4cd3-87ca-6b73a42cc625,0
39d250e1-35a1-422a-a6cc-793c13c388fc,0
39e55e56-708f-4904-b557-2dfeb1d82321,0
39f8e642-47d6-4463-86c5-928230b9ad82,0
3a014d5e-bdab-4b52-8c05-8670e7107329,0
3a2943dd-738a-40d1-a959-62a5be7ecf36,0
3a2affa9-e3f5-4ee8-9fe6-c4bfe2525bf1,0
3a34995b-6f5a-434f-86be-c7491811d86f,0
3a3c6009-b6bf-43ed-aa2c-757009a97bad,0
3a43431e-3fdf-4009-9644-2a5a15c51db1,0
3a47eccc-9779-4678-a413-12424e812367,0
3a64a558-7af9-4c29-82cb-758ee9687ddc,0
3a6c7f02-f30f-4bad-a473-4d6c1749b290,0
3a84b34d-27bf-41f0-818f-ac177d3d0c82,0
3a96a8c7-ef86-481d-8e0b-a20ed917ffe9,0
3aa2d68a-9b7d-4e0a-b371-c0a76388cb48,0
3aa3940b-bf12-4bcc-b411-b8eedca9fdee,0
3aa57ab9-3196-4cec-ae03-287e9dd385c1,1
3ab88fe6-6beb-41ca-a3c2-e7589b1f04e3,0
3af14ed9-6f88-4bf0-8b1e-d2142612080f,0
3b1342e5-53c5-43ca-bb89-c10b6f210828,0
3b15e435-3d51-4496-9501-ae4fc46f77df,0
3b2900f0-8eec-4a78-bd7a-6adddccd6302,0
3b3253bc-819c-4d77-9d76-a5c3e60a50ed,0
3b3414a3-2a55-43e1-a921-99ee0af05577,0
3b3ab9ac-8d47-4f30-ad5e-9f6769026113,0
3b3e92d6-f6dd-4258-8b45-7033a3b36141,0
3b5f23d4-ae1c-4e05-9c14-28cea846d414,0
3b763f31-98d6-432d-8d43-5621e966bdd3,0
3b8348fd-acc1-4df1-8f1e-eef7a2b2a868,0
3b8e6566-af86-4580-9dec-ca68e6ba243d,0
3ba093f2-25a7-4c4e-9b8b-a7f87eaf6ec0,0
3bbc7efd-4288-4196-afe6-86b53ead6598,0
3bcdfa7b-82df-489b-9071-75d063faa11b,0
3bf153dd-bddb-48af-a15b-3374733ae122,0
3c162ae7-0a6b-442b-874a-ef0621cdd66e,0
3c2683c7-7ebf-4a0a-9207-b6f393295b8a,0
3c298aba-9acd-40ea-abfb-6389e5af7ef9,0
3c3a8167-c1d1-4175-8e7c-202659bade7a,0
3c3fdb80-de08-411a-8070-af96090371b7,0
3c7e2d8e-9c34-48ca-b4e8-74705441d9cb,0
3c7f55a8-3ee7-4615-acb9-3004cee3a7cc,0
3c87fcc2-cc66-4870-92e1-0bc5cd5d8793,0
3c9fa1e1-beda-45d5-9e14-0771c0d5e4ad,0
3cc33176-9def-4669-a008-41c4612d62f0,0
3cc8469f-f926-46f9-9aa8-05922fa4da84,0
3d013282-476d-4ffc-8d8d-00c07a5cf4f0,0
3d1e6846-2260-4d6c-a525-65fc3a0036a0,0
3d2844f2-28f1-4c63-90f6-3f07d9c3750b,0
3d28c42d-6cf4-46fe-ba6c-afd7c129e7c5,0
3d3db995-776c-419d-907e-813f768fdf84,0
3d4b050f-da96-414e-bec8-d972c30b38a6,0
3d60f42c-1407-46b7-b6fc-ea3397067b51,0
3d62b415-c549-45e1-8762-7f4296d67b77,0
3d6f0003-36ea-4383-9b27-422c09ce744d,0
3d93b066-c297-4853-b2d5-932da7c443d8,0
3db80045-9619-4d7a-9d67-b4815a6142c6,0
3ddc19af-862e-482b-b5d4-0f8fc1082a8f,0
3de856e4-d668-4ab8-9f32-74ccfe3161c9,0
3e08b078-fec2-438a-a04e-e9be82ffb603,0
3e21cf9c-4e58-4a93-9223-38ee13dd831e,0
3e54a283-4e29-4e1a-80cf-ae86471e815c,0
3e68c18c-9ce0-45ac-b45e-93c2d8705c9c,0
3e6d50c5-359f-405c-8be0-97ae8e763fa1,0
3e71f05a-0592-493d-979a-45cca747d92b,0
3e7381ec-8099-4b6e-a6df-a9c7223147cb,0
3e82457b-928d-4dd0-9670-84189f0ef11f,0
3e9a1403-84e0-4e03-8248-7699dae557c9,0
3eace7e9-4605-49fb-97e6-d5e22bc954be,0
3ebe5827-270e-4e99-97d4-f10dcdd0d2ac,0
3ecf6c5d-a196-45bd-8651-d8a4885c7c13,0
3ed626f1-af3d-4400-acf4-68ecce9afd7f,0
3edc1779-3516-4c27-bef2-355a4b53e28e,0
3ee58c60-abc4-4321-81f8-e13bb38fff75,0
3f08f7e6-c245-4e77-800b-50c9525a14b5,0
3f462288-a8c7-496e-b5ad-29c5b4bbe7ea,0
3f54a836-3843-41c5-98da-9d7e6ba04c39,0
3f55d329-9681-4367-9adb-b5c80f7ee358,0
3f621b93-a105-4cfd-95d8-268de7bc99f9,0
3f7d1268-4d5f-4e22-ba75-3272a4552b46,0
3f9c9f64-fede-4635-950a-191dfc19c6aa,0
3f9ed242-fba3-4309-af34-939115dd9ebb,0
3fadc16f-7ab6-493d-ac9c-5858b434b4e1,0
3fb0458a-8c49-4528-94a6-444d01d11e79,0
3ff210ac-c0d0-4adc-abe5-d23fbe26b01d,0
401cb21a-6693-43d1-88df-7b819900dabd,0
4029b0d7-8c66-4a1c-920a-517cbad8f01c,0
4047531c-82e0-416d-bb3a-105509a4d1f2,0
4047f7fb-b5cb-4de8-a835-7599908c26ee,0
4065499a-8501-42d9-971c-d003e187d711,0
406b1fd3-ae50-429f-ad74-ffafafd18ee3,0
406b9dbe-d1bd-4d98-83c6-6cffcb6ef249,0
4076f423-4f33-4ac1-8597-2281e0acdef0,0
407b9f25-6497-4bb8-ab9f-0f8e694fcafe,0
407bacfc-2d07-41f2-941e-f9b7e2ad97a2,0
40968c13-2aad-4e17-a96e-2884f36c4c6c,0
409c3f18-ed49-4afc-8487-7b1e29101226,0
40a5a166-a97a-4957-9552-d1dbffdcb362,0
40b8f82c-d766-411f-b67c-ac2a9bb67a42,0
40bdb3db-ce3f-49d6-abb3-f85f2d36ffb5,0
40c4bfda-1ad9-499a-b2b1-0af2dbd6f0a7,0
40e2cd13-ea11-4026-8870-c882e7a85229,0
40f2f8c8-10af-4b6a-999a-d0299a4bd445,0
40fb23a3-a848-4e8c-b878-aee4483a7e78,0
41030e94-545f-4072-a299-a00e438558de,0
4128d23b-b44a-4969-8247-f69b50b1144e,0
4128f117-24f1-46d0-acb0-3ad3c823c01c,0
412bf646-3be6-40c6-b105-6a8a402b1c45,0
4136fe77-dd84-462e-9936-7e58ef45a84a,0
41430276-27d7-4b7d-89dc-50c3cb993de9,0
414f55cc-eb64-44f6-b9d5-3a326fd4326c,0
4180cb8a-464b-4fe1-95e4-08ef20548a8d,0
418faf36-9609-4a8f-a30d-8a3b272eb6ad,0
419716e2-069d-4caa-9d01-ae8ed50fa2a8,0
41972d93-baaa-41fb-b098-353c98a50fd8,0
41ac8f58-1bae-40a8-88b8-a0ffdfc4f80d,0
41bb1b13-9914-41d7-8d41-ecbef05b0a1a,0
41c6139f-76ac-4668-8aba-f446d26fb6e8,0
41d61fc8-7f47-4918-872f-6c76d9ff1219,0
41d6bd13-0dbe-4135-8b32-c61d36d84563,0
41da807d-7a39-4e81-8a21-bec0ad863756,0
41df0819-9cc6-47f8-ac76-7bd0bf2346e2,0
423415eb-af23-4359-82b2-1b7ca0a85193,0
4244b582-334f-4cea-85be-5a23e5659524,0
4249a14e-75e7-404f-a752-7602f7bbc862,0
4257ed90-6fc4-4deb-8660-4ee60ac881b5,0
42596295-f51c-4f10-b6bd-c059af14b550,0
42654e9d-a65f-46e8-8ab7-8c3a777ae282,0
42670c57-302e-4c10-a9c9-480ef3586394,0
4271f8a2-9d27-4c4a-b81b-5857504601ef,0
427a6109-05e9-40e6-964a-71fd497ae5a6,0
42873f04-acc8-4929-8b4f-c5eee8af02f5,0
4292e636-2066-4cc8-a885-8867b3eae1e9,0
42a075df-089e-449d-afa3-06ac299ccbbf,0
42ce3a83-16cb-46cc-9f1c-facca1991e98,1
42d81c49-040c-4c78-bd96-808a4dd1e699,0
42df485e-729d-4a38-9477-58c0f900e25e,0
42e0bc3d-00a4-41cb-82e5-c5addb38e96b,0
42fdf601-6305-4174-93c8-b02c444dc055,0
42ff53e9-cbb2-44b6-a601-bfaeaf6ddbf3,0
fb005046-9636-419f-bb99-eee411bb8daf,0
002df276-7500-4233-afad-8a081f578a55,1
0031ef52-bda2-44fd-964e-875806577850,1
00d2e230-acce-4fe0-be6e-d13b8168fcf9,1
00e75eb7-972a-4440-8c39-f3a6725f83f5,1
01290ed4-6a0a-4f30-bbaa-f1e2f3044980,1
012f3fd0-45ec-4dd1-9d53-8495cfd92ff9,1
018d2544-591d-40d9-8f6d-44ea94d1e2eb,1
01ae69c5-a7d3-47f1-b5a9-75895ae9effd,1
01e8ed42-e6d1-41b0-902e-b06910cb73d9,1
02d946eb-eb59-4f9b-be30-b55a1181a96c,1
02facf49-2972-4c74-b941-fd859865d66f,1
037f756c-d07f-43db-8f1d-13aa3e980939,1
03b7934a-d4ef-4a2c-8623-1931c4d2b959,1
04885eb5-8221-480f-9eda-9b287e66f400,1
04cb234b-a3e7-4bdc-a430-be57b17e52bf,1
051beed0-b89b-4f9f-9acf-daca5c4e2ae9,1
05ab9e8a-2c26-4cb9-af5e-e25b28c62cb4,1
05b54e8b-49c5-44d5-8178-81f417691189,1
05d67820-1a61-4dd7-a6a2-6992ac0c4b6f,1
060f57b5-c0e3-4fa1-ae80-a11345567f8a,1
06319bf3-1e9c-4473-84fb-adbfd31e6661,1
0692102d-0664-461e-97ce-bd35b5b67b46,1
06a25af2-7009-4319-9b69-aaa01c30c7d7,1
072251f9-1383-4d4f-b511-dc82ca23880f,1
077b0376-964b-447c-83b5-81475fad759d,1
07aafad7-489d-4a5e-8db2-891be6b84e8f,1
07cf5af8-f5ab-4c6a-a4dc-01b883cc28ae,1
083c1c53-99c1-4991-80ff-0db70158b6ea,1
0873920b-c65e-497d-8fff-eaa631a86c85,1
08840d5f-71e1-4230-b6a8-6897999c0e3c,1
08b4467f-5823-4125-827d-31e39f7be29a,1
09776ef6-f22c-4285-889a-53a640e1912a,1
09792140-71c6-4d81-b3b2-9644f4b88f39,1
09a954c1-647f-48b3-aaca-86130b77da7f,1
09fa3167-7a1d-4ddd-af5e-828e8c74846f,1
0a157c63-4675-487e-8245-f66e376a5361,1
0a5051cd-8a5f-4141-b2d5-416943877d9b,1
0a93842f-91a3-4f65-8578-15059931ebdb,1
0ab2e1cc-3dcd-46b5-a5ca-6fe84abad33d,1
0b6d6fe5-faba-44fe-bff5-1844f1cb5052,1
0b7bedfb-76ef-4908-ab9b-e08e0bdd6d94,1
0b90e7af-c027-4533-a4d7-12c6b1aa3b92,1
0bf26e62-2cc4-4ecc-84e7-9555f962e345,1
0bf7498d-1b7b-4775-bd5a-45b37c404355,1
0c0a074f-92ae-4d4c-9559-55272a56d2eb,1
0c69bdc9-daf0-4789-bde3-357fb2f5809b,1
0c7cc13b-e7a0-4b49-b014-0a5ec96a4ba9,1
0cf10250-3020-406d-adf9-6863228db27a,1
0d324d77-7158-4d2a-bbed-35355871093e,1
0d81621d-7915-4c32-b185-0f3ff8b44b7b,1
0d9cf39f-4ed3-4c43-a654-2b349141ddbb,1
0da83d62-1fed-4ae7-9110-1bd7b8e8ebc3,1
0dc6fef6-8887-4001-ba3d-7a8cb167db09,1
0e1a497e-3c07-4f26-8106-2704a0ea5b8b,1
0e1f83b8-985d-440a-aa03-c502c28faa02,1
0e56f8ba-9ea6-4dda-92f3-da9ec03c0dbf,1
0e74a5fa-98e1-4b56-8bb9-a349a7c4a7f8,1
0ec7e545-42db-4479-b738-64fb409bbb7b,1
0ed900e9-6578-42a4-8187-b3321518a144,1
0f79bbb1-79e9-420c-b548-bcf540c0d88f,1
0f7f0858-3a2f-4b3e-ac70-7bcfa5e29b6d,1
0f9095d4-0fb3-4631-b481-07a6f12fbc05,1
0fb65e47-3bd9-4b63-83b5-e7f5102456a5,1
0fdee109-061d-4909-8613-7e162c02116b,1
1063441c-58e7-4622-be8a-a99649df1123,1
10f0e9e4-9723-435a-a87b-5daa98d526fc,1
10fcb60a-2e38-4abb-a0d2-406f39151be2,1
1117960a-a17a-49f2-ab5e-bc3e0501ec6a,1
1170fd51-7fc4-4de6-9221-bbf2ebb34eb8,1
117b69a6-d3ef-4d64-95fe-814a4c269c58,1
11855264-723f-40ab-a146-a3d68ecdeb51,1
1194afdb-51af-42ce-890b-e2532596926f,1
11e9d987-24f1-43f0-b064-d8bcb6819f43,1
1252073a-185f-43e1-9adb-c77db293afdd,1
12819bc1-1c30-41a6-bc3d-ef05bcb123fd,1
128fd3da-21b2-460c-980f-f35458b18043,1
129ba748-ffa7-4354-b25f-1a9c87476e75,1
13142804-411b-4212-9310-0ffc563032b9,1
137b6fe3-8d09-4ad4-b221-ea2d6175bc99,1
1388767a-c420-4a2c-ab6e-8b1618329e38,1
139d9785-c0ab-460a-85d2-395b2839ce8d,1
1485b90e-d515-4151-bd34-94ac0e856d8a,1
14a626ce-6060-4244-a07a-4635367f5bcb,1
158927b6-34af-4fc4-8a40-1999896fac70,1
1589fe99-edae-4dd5-98b1-01b47b54b62b,1
15be9c58-cd92-4aaa-9ba9-9b144f365bb5,1
15dad998-4ff3-4574-b753-302a8ffc9c40,1
15fbc380-ea79-45f3-b6a1-bcda770d24f3,1
1638c103-a648-49bd-b79b-f670f4952bcd,1
16769aba-fa68-4711-95bd-a9b4a9fd912b,1
16ec60c0-7f1f-4c6a-b067-af3c119e4437,1
174ef78a-012e-44d5-9f99-304b2786172e,1
1768d4c0-9312-40c7-97bf-d8565aa5b1fe,1
1790cbbf-e87a-40d3-b3ae-5d8342f62041,1
17b41523-1026-440a-8c02-2b199a0ea263,1
17ded176-09d2-467e-8825-f19d2c1ca93f,1
17e234a6-0973-4c0d-bc3f-7103284e81d7,1
180ece33-4246-4730-9678-b268a789dd53,1
182dbe3b-7be8-4cce-96ac-2fc0d486b032,1
1864eb33-581f-40f5-a194-6aa34c840bb2,1
18ba3879-1d06-4fe5-8d9f-df89811b34f6,1
18d291ed-35d9-4684-9530-6ebc63dad52e,1
1959f994-3129-49cb-8b92-4a4bcf608f7c,1
195f47a7-60e6-4e1d-810d-0a595ae8c801,1
19f4178b-540f-4afd-a782-b51331802998,1
1a227cc4-8518-4f7d-b81a-de7081da3dc6,1
1a595a8d-021b-4937-b58f-2e42b715e083,1
1a65c0d5-dee7-4551-acbb-e62ec576a3ee,1
1b05759a-8e87-418a-911f-19621c33efa6,1
1b40206f-e218-479a-ad43-9d95a8e0b0aa,1
1b40ee9e-05b8-46bd-9833-11de08581efa,1
1bb7345f-01f1-4549-a7b2-39416b6afaf2,1
1bc80374-dabb-4a47-9cf3-25115de7688f,1
1bcf2220-c398-42a9-b3ef-7f7c289485de,1
1be375a0-8ce9-489f-80ae-69211b8abd5b,1
1bed8223-0e73-4db2-b86c-c1e969ddfd7e,1
1c16cfbc-1eba-4dbf-8aee-1b7d2126f9cb,1
1c3ca537-6d48-40e5-b494-c9b18354ed19,1
1c78a7e4-bbeb-47c2-8db4-f33a89a71503,1
1c856a81-ad15-45b3-8458-46ed85959bfe,1
1c8f56ee-0356-4ad5-8846-e50a99f3c054,1
1c993eda-17d1-4cd2-9348-e05b2b11ad49,1
1cc069a2-eb28-4aeb-afa7-59ac2ef64079,1
1cccb376-9a86-4210-bd23-099216bb1d35,1
1cda1a35-675b-4a42-a8e7-d3094c2bac72,1
1cdfad77-0537-46cb-883a-ec6ae9343146,1
1d067669-cf91-4e4f-a202-687582b7da4a,1
1d6fd009-98ec-4418-bb66-c334e0dc537a,1
1daca9bc-fcd5-436d-ad15-d516d978fcbb,1
1dd5d5d0-0e2d-4ca2-9986-b1bdb92874f8,1
1e34ed3e-52de-403c-8f6e-8fb5fac4b20a,1
1e4e241d-a988-4c97-99d0-fdba7e35d065,1
1eb4fe60-3810-44e0-b553-c64fbeb2c250,1
1ec838bf-39f8-49a6-8d74-873991b28917,1
1edaca19-1926-4331-a4c7-76d8b6ff64c3,1
1f19805d-656b-4b50-897a-a7eb86e2f1f8,1
1f48f00d-dd5b-402e-832d-09575345c9e9,1
1f61643a-4d93-47a3-b78d-ed6cf088f8b2,1
1fa3e7f5-02cb-4d29-803d-ebe645f2104e,1
1feba0ea-a7b5-46cb-a04f-d644a3839b11,1
202332ee-2544-441c-a779-cec0dafbb5ce,1
204273b2-ad5f-402d-a2aa-240748678909,1
20bc91eb-8f92-494e-8c68-7e4f6ec11d9d,1
21050582-5a95-4d87-90dc-310017538d47,1
21183083-e4fb-478d-96eb-9f9919e1d549,1
21404403-ca41-4f1f-a8cb-9e7ce6f2e04e,1
2184a04d-3a96-4516-8280-6d6057c10026,1
2190578d-ebad-47f6-8694-6b55db352f75,1
21dc8dda-a3e9-4be8-b98d-79869a527e9f,1
220ff565-d771-4537-8cb8-3c67eef30dce,1
222197fa-9bd8-4cb7-a59c-8a3e599ee701,1
22227b59-e82c-409d-ada5-18edeb086595,1
22c21655-3d06-48d7-9d9c-869c62becab9,1
23a97654-cbc8-4dc1-b1fb-3c725f31b51d,1
2501b731-6b8b-407d-a31f-82b2fe61713c,1
25282c88-b075-4afe-a106-287ea938c30a,1
253ccd81-7b95-4130-a0f3-85d1ae7aa439,1
254407db-470b-45a0-ade7-7dce61b02557,1
255d6d4e-88cf-47ec-a623-ce536552c397,1
2563c79d-9f1c-42c7-a341-90e519ae75ed,1
25897338-4435-4097-8115-9d0f2128da2b,1
25aab552-383e-4d45-bbb3-f236dfd32647,1
261a7342-8a31-4ce8-8a48-d85faf0fc678,1
26667d92-5845-4366-b450-02b8857c047b,1
26a1905a-262a-43d3-82e8-6f2aaff2dec9,1
26af03b6-1581-4304-b0b7-2007f4ded926,1
26bff5d7-0653-44fc-8fc8-bdc429699114,1
26e1cd62-a0a8-4a5d-9b10-2d33d0c18b93,1
270b0c21-19cb-4460-9018-2c03d2bb8978,1
2711eb21-d249-4968-aa41-a65942730018,1
27277a1d-e76e-42c0-be64-30de29922390,1
272cbe81-114c-47d3-b0a8-6d2c734e6c30,1
274e371b-f6c9-470c-99e7-7049b8ba49d1,1
27633a40-d205-478a-9b7a-31f51afd0286,1
27737c37-70fe-4c48-80b0-a0cc29c62b02,1
2847c53b-d38b-45ca-802e-62d1a1c00130,1
2893169e-ec6e-4377-b5f1-fdf88156f94b,1
28d647e8-242f-4ffa-ad3c-8ac8fa9eec9a,1
28e8d0de-e8cc-4c5d-9a37-0836b12baf08,1
28f29ae2-1a96-4b80-8b9e-65df82e119b4,1
2905c335-ae5a-441d-8303-b030ec17be60,1
2919636b-7f50-4d27-bd50-96be493c1598,1
292e5edf-458c-42d7-81cc-36a9d184694a,1
294719ac-2d63-49d3-8c5a-d49631a8603d,1
2ab98163-9e4c-4240-8a77-5d141e5ee297,1
2aded667-58db-4eec-bc62-7716eb65e391,1
2b0af5c8-9028-41ec-8623-8911f8de00b7,1
2b53f76c-8e68-421a-8f84-a707432f6ac7,1
2bdc8468-90ed-42f0-98f5-23c881c7a3e7,1
2c0cc21d-537f-469b-9a24-89f4f554e434,1
2c272b92-9cab-4821-8481-d3c70acfd340,1
2c86c47d-8baf-48a9-9c58-426d8e8248ce,1
2cd056ad-d1a6-4513-adca-b29c560e7c30,1
2d0b7207-13b5-4993-9d98-93003e306025,1
2d14bf37-baad-4ee3-8031-4745317e9bfd,1
2d183e9e-2978-482e-9c3b-54971cf931ba,1
2d466f68-9816-49a9-ba66-b8cc8649a094,1
2d4c249f-7019-44ac-921b-14a8a7f495f6,1
2d6c688e-4508-41de-a19d-d9a728249794,1
2df3cbea-a3db-4ece-a1db-728f06e239f3,1
2e0d5660-65b5-4351-b81d-d580d8f510d2,1
2e205e7a-cfc2-4fb0-b03b-b697cdd5bac5,1
2e4d4713-5be1-43fb-99e0-f5f1834b66dd,1
2e8a325e-1f74-4e09-befb-14d36ffccdb1,1
2e997979-2095-473c-8091-c553d7d1c836,1
2ea43b9b-1d80-4a5b-a6c7-60bdbd4ada16,1
2eace2f8-0b41-4817-921c-a4b2d0f229bb,1
2ead3959-d60c-4213-a194-608152e7a4f5,1
2eb09bcc-232b-417b-bd30-0f6f5427d114,1
2f36502c-7410-4a98-a4d2-d52a150a1f7c,1
2fe3bd26-c2e4-4751-bcbb-7c5dcc850e7b,1
30279c36-d4f8-47fa-8e8d-3261a41b1dde,1
30597807-131a-44ec-8616-f4c967d4e143,1
3126caab-0944-42fe-b8c4-2e6cb9cc808e,1
3130caa5-e910-414f-b193-583ab67a210b,1
314b846e-40d6-4589-948a-cd38a66f888e,1
314cba27-20e4-43a3-8260-e6c1ab87571b,1
3155d9bd-d0f8-4dcb-9da8-9acb26c6b84b,1
31bf1094-1310-4fb3-af14-606e27db4335,1
31cffbd0-d5fa-4a4b-ac23-ee56807bb2c2,1
32380094-6ba4-459d-8d6a-489f2f9c5630,1
326fdca1-8a68-4a4d-888b-af7c8e03d06d,1
3298e424-6543-4846-8a00-f8ebe670bdfd,1
32a5912a-ebcc-4d65-813f-2a32edae3918,1
32b444f9-ed3c-4122-bc4b-7473aef96a7d,1
32d4791a-151a-4054-9f9e-c48375988779,1
32e29ae9-6c06-4816-8431-bcb0b7f245c4,1
32f4cc28-e80e-4975-95eb-6f978390b080,1
332d7885-0460-413b-9db7-dca6dc62f2a1,1
3379ac8e-f9e6-4970-81bc-d2dead81cf1c,1
33a25a82-b713-4921-a7a8-805ae902de74,1
33eb872a-41af-4cc3-9f61-46f44c879346,1
33ff5e84-d4a4-4a69-b4f9-e26a806cd26a,1
3412b4e4-0f09-4370-a846-446780837e6c,1
341d712d-7cd5-48fc-9c60-fe805960b962,1
34a12b96-59f9-4ec5-b9d5-fad516103b02,1
3592b214-a7d7-44bc-9bae-faf42dfb2b70,1
35a508e9-35c6-4912-95c7-ab9bb8fc67d6,1
35b64935-dc7f-45fa-99a0-52debb900fae,1
3645cf9e-6963-457e-be38-0a24da6001cc,1
36be420b-e9da-4633-9788-75271d24e794,1
371524d1-96b5-48cc-8197-b6e918b46d73,1
372a1406-c1b8-4f43-ae5f-4459058ad247,1
374177a4-43dc-42af-b8db-e8bd88bd32c0,1
37cce93d-df5b-4d0f-9fe9-7264d9e6464c,1
37cfe6d9-a847-45e3-af4a-8c389d28d4d9,1
37eb76d8-046e-4e70-98e7-b9adbbb25130,1
37f6729a-22c2-4e6f-97c4-fb18aa00a04b,1
38025fe0-18f6-4ace-a09f-328bad3a6b6c,1
3836742e-c53e-487e-9396-59f3daebb6ef,1
384bb55f-2bdb-4a60-a5cb-d525f1d98a4f,1
384f6fbd-8325-494c-a35b-ab9d918879de,1
38da9e9d-17b7-495a-b207-aa77fec6dc58,1
39487546-2c52-48ab-ac38-19a1990ac774,1
3961d40f-1d47-4fba-994c-f2c2d3c5bf76,1
39a59090-4824-43eb-b0cf-5d1ff96c0ac1,1
39c42976-20c4-4460-8e0e-febdeb0f234a,1
39cb45ca-7322-4048-b199-522cd5acd5b6,1
39d89a97-6cb9-4a81-accb-5cd77ce00bc7,1
3a614f1f-a7f9-4e02-82b6-3955488b14ca,1
3a76ce23-c766-4975-941d-a478e2bfcbd9,1
3ad09a6b-450f-47d6-aa8f-257e3fd9ae26,1
3add1dc1-57eb-4440-a685-318e4172dc0f,1
3b2fdad5-9e5a-4565-b2bd-9af1519bc8ec,1
3bea216d-0e19-4461-ba46-8094646a41f6,1
3c3c32b0-0f83-4522-9a97-43217f8bb8c7,1
3c5b3367-5a2f-413c-85b1-132894cf42c7,1
3d215c3d-cc6c-48ec-a9cf-1a99a2d6b2eb,1
3d297b7b-765b-483d-b4df-c3ddcbb3d630,1
3d48870f-5805-4354-a0be-f2b2a13dd534,1
3d82d312-8e30-487d-ace5-f3e2368a7652,1
3d9cd315-08bd-4434-8b07-7e01d0a054e2,1
3dbbdc25-f3af-461f-b087-e80ea17a3167,1
3dbd6e1f-c6af-4bb0-a4a5-f209b3bed738,1
3e337706-0059-4f2a-bbcd-a6ce43cff18f,1
3e531a65-2303-4248-be2f-81d0aa054e10,1
3e99e9a9-59b2-4274-8c66-9bd3e8f53f73,1
3e9c9d09-d990-443c-8ee1-5c30293de94e,1
3eaef633-fe63-4edd-926d-7e956c18313c,1
3eaf6de5-b688-4ab8-8452-e3b13ab0573d,1
3ed28dbf-5f7e-44ee-90ee-1235860c4dcd,1
3ed56c5c-32c4-45d4-868e-c0054e43a64f,1
3edfbbf0-cdc3-43af-bb83-9de40d248b49,1
3f40e14d-bde8-4084-923a-ed5e60356faf,1
3fbadfef-3277-456c-a410-feb5e68b4bc2,1
3fddfd18-a83c-4d3f-bfcf-7c23712f5988,1
4000a035-3feb-45e2-9fd1-8be3df637720,1
4058217d-1f4f-4824-83c2-bb41fe0d3fb4,1
405ddb61-26cf-4e8c-96b2-f86bcc48df89,1
4098e962-e6a9-4bc3-9bad-629f461dc6b3,1
40a4e699-f747-4880-9d2d-ca47d7f6bed0,1
40beb25b-93a3-43b9-9ba6-603e19cae47c,1
40cee3a1-bd7e-4927-a473-732a4f6e2abd,1
40cfeaf0-28ca-4e95-9cd7-b418f5f56ea2,1
40d847cd-5339-4bd3-93e3-d392241315d2,1
40d8a277-240a-4927-bf64-a15d4ddc0faf,1
4100ed53-ab34-45ef-b6bd-cec44384d340,1
41805582-3341-4f75-82b0-5972b5e6c2e8,1
41f49833-7463-453e-b2c4-c239f3de1d0e,1
420d1b59-fd37-4b90-a810-c0388620eef5,1
42188160-7e2f-4d16-b745-8fbdf8c2e1e9,1
423e53ad-e2c8-46e4-a8d0-d44f37f4f91f,1
4271ec57-b496-4133-93a0-a8e6cacd701e,1
428cac69-2cac-4a4f-a7d1-fa986da560e1,1
42ac08cf-d955-4145-9a00-81359cdb9a89,1
42ce9fc8-3d33-47d3-ae0d-b1da9dcaebcd,1
42e2b1f1-363f-4604-a702-413f07e32bab,1