id,name
SCCS150-SCCS1-1,Nomadic (1860) [Gei/Khauan tribe]
SCCS150-SCCS10-1,Sedentary (1925) [Morogoro District]
SCCS150-SCCS100-1,Sedentary (1930) [Ravenga District]
SCCS150-SCCS101-1,Sedentary (1953) [Bunlap village]
SCCS150-SCCS102-1,"Sedentary (1840) [Bau Chiefdom, Vanua Levu]"
SCCS150-SCCS103-1,Sedentary (1845) [Neje Chiefdom]
SCCS150-SCCS104-1,Sedentary (1820) [Nga Puhi Tribe]
SCCS150-SCCS105-1,Sedentary (1800) [Te-i'i Chiefdom S.W. Nuku Hiva]
SCCS150-SCCS106-1,Sedentary (1829) [Aana in Western Upolu Island]
SCCS150-SCCS107-1,Sedentary (1890) [Makin and Butiritari Islands (N)]
SCCS150-SCCS108-1,Sedentary (1900) [Jaluit Atoll]
SCCS150-SCCS109-1,Sedentary (1947) [Romonum Island]
SCCS150-SCCS11-1,Sedentary (1920) [Fort Hall or Metume District]
SCCS150-SCCS110-1,Sedentary (1910) [Island]
SCCS150-SCCS111-1,Sedentary (1947) [Ulimang village]
SCCS150-SCCS112-1,Sedentary (1910) [Kiangan group]
SCCS150-SCCS113-1,Sedentary; impermanent (1930) [Tribe (excluding Sedeq)]
SCCS150-SCCS114-1,"Sedentary (1936) [Kaihsienkung village, Chekiang]"
SCCS150-SCCS115-1,Sedentary (1915) [Aigun District]
SCCS150-SCCS116-1,Sedentary (1947) [Kanghwa Island]
SCCS150-SCCS117-1,Sedentary (1950) [Southern Okayama]
SCCS150-SCCS118-1,Semisedentary (1880) [Saru Basin in Hokkaido]
SCCS150-SCCS119-1,Seminomadic (1890) [Sakhalin Island]
SCCS150-SCCS12-1,Sedentary (1875) [Kyaddondo district (V: Kampala)]
SCCS150-SCCS120-1,Nomadic (1850) [Upper Kolyma River]
SCCS150-SCCS121-1,Seminomadic (1900) [Reindeer division]
SCCS150-SCCS122-1,Semisedentary (1885) [Shageluk village]
SCCS150-SCCS123-1,Semisedentary (1824) [Unalaska branch]
SCCS150-SCCS124-1,Seminomadic (1915) [Coronation Gulf]
SCCS150-SCCS125-1,Seminomadic (1910) [Lake St. John & Mistassahi band]
SCCS150-SCCS126-1,Seminomadic (1650) [Mainland division]
SCCS150-SCCS127-1,Seminomadic (1930) [Berens River band]
SCCS150-SCCS128-1,Semisedentary (1940) [Lynx Point band]
SCCS150-SCCS129-1,Seminomadic (1900) [Upper Liard River group]
SCCS150-SCCS13-1,"Nomadic (1950) [Epulu net-hunters, Ituri forest]"
SCCS150-SCCS130-1,Semisedentary (1890) [Tribe]
SCCS150-SCCS131-1,Semisedentary (1875) [Masset town]
SCCS150-SCCS132-1,"Sedentary (1880) [Central group, lower B.C. River]"
SCCS150-SCCS133-1,Seminomadic (1860) [Tribe]
SCCS150-SCCS134-1,Sedentary (1850) [Tsurai village]
SCCS150-SCCS135-1,"Semisedentary (1850) [Clear Lake, village of Cignon]"
SCCS150-SCCS136-1,Semisedentary (1850) [Tulare Lake]
SCCS150-SCCS137-1,Seminomadic (1870) [Wadadika of Harney Valley]
SCCS150-SCCS138-1,Seminomadic (1860) [Tribe]
SCCS150-SCCS139-1,Seminomadic (1890) [Lower or eastern branch]
SCCS150-SCCS14-1,Sedentary (1930) [Ilanga group]
SCCS150-SCCS140-1,Nomadic (1880) [Tribe]
SCCS150-SCCS141-1,Semisedentary (1836) [Village]
SCCS150-SCCS142-1,Semisedentary (1867) [Skidi band or subtribe]
SCCS150-SCCS143-1,Semisedentary (1860) [Tribe]
SCCS150-SCCS144-1,Semisedentary (1634) [Bear and Cord subtribes]
SCCS150-SCCS145-1,Semisedentary (1800) [Upper division in Alabama]
SCCS150-SCCS146-1,Sedentary (1718) [Kingdom]
SCCS150-SCCS147-1,Nomadic (1870) [Tribe]
SCCS150-SCCS148-1,Nomadic (1870) [Central band]
SCCS150-SCCS149-1,Sedentary (1880) [Pueblo]
SCCS150-SCCS15-1,Sedentary (1935) [Ndiki subtribe]
SCCS150-SCCS150-1,Seminomadic (1918) [Tribe]
SCCS150-SCCS151-1,Semisedentary (1910) [Archie division]
SCCS150-SCCS152-1,Sedentary (1890) [Tribe]
SCCS150-SCCS153-1,Sedentary (1520) [City & environs of Tenochtitlan]
SCCS150-SCCS154-1,Sedentary (1940) [Town and environs of Soteapan]
SCCS150-SCCS155-1,Sedentary (1930) [Town of Chichicastenango]
SCCS150-SCCS156-1,Sedentary (1921) [Vicinity: Cape Gracias a Dios]
SCCS150-SCCS157-1,Sedentary (1917) [Tribe]
SCCS150-SCCS158-1,Sedentary (1927) [San Blas Archipelago]
SCCS150-SCCS159-1,Nomadic (1947) [Tribe]
SCCS150-SCCS16-1,Sedentary (1920) [Tar of Benue Province]
SCCS150-SCCS160-1,Sedentary (1935) [Town of Mirebalais]
SCCS150-SCCS161-1,Sedentary; impermanent (1650) [Dominica Island]
SCCS150-SCCS162-1,Seminomadic (1935) [Winikina of Orinoco Delta]
SCCS150-SCCS163-1,Sedentary; impermanent (1965) [Shamatari tribe]
SCCS150-SCCS164-1,Sedentary; impermanent (1932) [Barama River]
SCCS150-SCCS165-1,Sedentary (1928) [Upper Suriname River]
SCCS150-SCCS166-1,Sedentary (1850) [Cabrua village]
SCCS150-SCCS167-1,Sedentary (1939) [Village on Caduiari River]
SCCS150-SCCS168-1,Sedentary (1908) [Rio Cayapas Basin]
SCCS150-SCCS169-1,Sedentary; impermanent (1920) [Tribe]
SCCS150-SCCS17-1,Sedentary (1935) [E. Isu-Ana group of South Ibo]
SCCS150-SCCS170-1,Sedentary; impermanent (1960) [Upper Inuya River]
SCCS150-SCCS171-1,Sedentary (1530) [City and environs of Cuzco]
SCCS150-SCCS172-1,Sedentary (1940) [Chucuito clan community in Peru]
SCCS150-SCCS173-1,Seminomadic (1942) [Vicinity of the Rio Blanco]
SCCS150-SCCS174-1,Seminomadic (1940) [Cocozu Group]
SCCS150-SCCS175-1,Sedentary (1938) [Village of Vanivani]
SCCS150-SCCS176-1,Sedentary; impermanent (1915) [Ramcocamecra or Canella]
SCCS150-SCCS177-1,Sedentary; impermanent (1550) [Hinterland of Rio de Janeiro]
SCCS150-SCCS178-1,Nomadic (1884) [Naknenuk subtribe]
SCCS150-SCCS179-1,Seminomadic (1958) [Village of Sao Domingo]
SCCS150-SCCS18-1,Sedentary (1890) [City and environs of Abomey]
SCCS150-SCCS180-1,Nomadic (1932) [Duque de Caxias Reservation]
SCCS150-SCCS181-1,Seminomadic (1890) [S. Mato Grosso & adj. Paraguay]
SCCS150-SCCS182-1,Nomadic (1889) [Those in contact with mission]
SCCS150-SCCS183-1,Nomadic (1750) [Those in contact with mission]
SCCS150-SCCS184-1,Sedentary (1950) [Vicinity of Temuco]
SCCS150-SCCS185-1,Nomadic (1870) [Equestrian]
SCCS150-SCCS186-1,Nomadic (1865) [Eastern and central]
SCCS150-SCCS19-1,Sedentary (1895) [Kumasi State]
SCCS150-SCCS2-1,Nomadic (1950) [Nyai Nyae region]
SCCS150-SCCS20-1,Sedentary (1945) [Vicinity of town of Bo]
SCCS150-SCCS21-1,Sedentary (1950) [Upper and lower Salum in Gambia]
SCCS150-SCCS22-1,Sedentary (1902) [Segou to Bamako on Niger River]
SCCS150-SCCS23-1,Sedentary (1934) [Tribe]
SCCS150-SCCS24-1,Sedentary (1940) [Bamba division]
SCCS150-SCCS25-1,Nomadic (1951) [Wodaabe of Niger]
SCCS150-SCCS26-1,Sedentary (1900) [Zazzagawa of Zaria]
SCCS150-SCCS27-1,Sedentary (1910) [Around Yagoua in Cameroon]
SCCS150-SCCS28-1,Sedentary (1905) [Yambio Chiefdom]
SCCS150-SCCS29-1,Sedentary (1880) [Jebel Marra]
SCCS150-SCCS3-1,Sedentary; impermanent (1895) [Ronga subtribe]
SCCS150-SCCS30-1,Sedentary (1930) [Nuba Hills]
SCCS150-SCCS31-1,Sedentary (1910) [Kingdom]
SCCS150-SCCS32-1,Sedentary (1939) [Northern division]
SCCS150-SCCS33-1,Sedentary (1905) [Kingdom]
SCCS150-SCCS34-1,Nomadic (1900) [Kisonko or S. Masai of Tanzania]
SCCS150-SCCS35-1,Sedentary (1935) [Town of Buso]
SCCS150-SCCS36-1,Nomadic (1900) [Dolbahanta clan or subtribe]
SCCS150-SCCS37-1,Sedentary (1953) [Gondar district]
SCCS150-SCCS38-1,Semisedentary (1855) [Tribe]
SCCS150-SCCS39-1,Sedentary (1900) [Kenuzi Nubians of Dahmit]
SCCS150-SCCS4-1,Semisedentary (1900) [Ruling Luyana]
SCCS150-SCCS40-1,Nomadic (1950) [Nomads of Tibesti]
SCCS150-SCCS41-1,Nomadic (1900) [Ahaggaren tribe]
SCCS150-SCCS42-1,Sedentary (1926) [Entirety: Moroccan]
SCCS150-SCCS43-1,Sedentary (1950) [Town and environs of Silwa]
SCCS150-SCCS44-1,Sedentary (-621) [Kingdom of Judea]
SCCS150-SCCS45-1,Sedentary (-1750) [City and environs of Babylon]
SCCS150-SCCS46-1,Nomadic (1913) [Unspecified]
SCCS150-SCCS47-1,Sedentary (1950) [Northern Anatolian Plateau]
SCCS150-SCCS48-1,Semisedentary (1910) [Mountain Gheg of No. Albania]
SCCS150-SCCS49-1,Sedentary (110) [City and environs of Rome]
SCCS150-SCCS5-1,Sedentary (1890) [Bailundo subtribe]
SCCS150-SCCS50-1,Sedentary (1934) [Village of Vera de Bidasoa]
SCCS150-SCCS51-1,Sedentary (1932) [County Clare]
SCCS150-SCCS52-1,Nomadic (1950) [Konkama District]
SCCS150-SCCS53-1,Nomadic (1894) [Tribe]
SCCS150-SCCS54-1,Sedentary (1955) [Viriatino village]
SCCS150-SCCS55-1,Sedentary (1880) [Tribe]
SCCS150-SCCS56-1,Sedentary (1843) [Vicinity of Erevan]
SCCS150-SCCS57-1,Sedentary (1951) [Town and environs of Rowanduz]
SCCS150-SCCS58-1,Nomadic (1958) [Nomadic branch]
SCCS150-SCCS59-1,Sedentary (1950) [Mohla village]
SCCS150-SCCS6-1,Sedentary; impermanent (1920) [Feshi territory lineage center]
SCCS150-SCCS60-1,Sedentary; impermanent (1938) [Hill Maria]
SCCS150-SCCS61-1,Semisedentary (1900) [Tribe]
SCCS150-SCCS62-1,Sedentary (1940) [Bankura and Berghum Districts]
SCCS150-SCCS63-1,Sedentary (1945) [Village and environs of Senapur]
SCCS150-SCCS64-1,Sedentary (1934) [Hunza State]
SCCS150-SCCS65-1,Seminomadic (1885) [Great Horde]
SCCS150-SCCS66-1,Seminomadic (1920) [Narobanchin territory]
SCCS150-SCCS67-1,Sedentary (1910) [Liang Shan and Taliang Shan]
SCCS150-SCCS68-1,Sedentary (1937) [Lingthem and vicinity]
SCCS150-SCCS69-1,Sedentary (1955) [Rengsanggri village]
SCCS150-SCCS7-1,Sedentary; impermanent (1897) [Zambia branch]
SCCS150-SCCS70-1,Sedentary (1930) [Tribe]
SCCS150-SCCS71-1,Sedentary (1965) [Nondwin village]
SCCS150-SCCS72-1,"Semisedentary (1940) [Tribe, Northwestern Laos]"
SCCS150-SCCS73-1,Sedentary (1930) [Red River Delta in Tonkin]
SCCS150-SCCS74-1,Sedentary; impermanent (1962) [Ko-Sier village]
SCCS150-SCCS75-1,"Sedentary (1292) [City of Angkor, Capital]"
SCCS150-SCCS76-1,Sedentary (1955) [Bang Chan village]
SCCS150-SCCS77-1,Nomadic (1925) [Jehai Group or subtribe]
SCCS150-SCCS78-1,Sedentary (1870) [Car Nicobar of North Islands]
SCCS150-SCCS79-1,Seminomadic (1860) [Aka-Bea of South Andaman]
SCCS150-SCCS8-1,Sedentary; impermanent (1934) [Age villages of Mwaya and Masoko]
SCCS150-SCCS80-1,Seminomadic (1860) [Danigala Forest hunting group]
SCCS150-SCCS81-1,Semisedentary (1925) [Menabe subtribe]
SCCS150-SCCS82-1,Sedentary (1958) [Inas District]
SCCS150-SCCS83-1,Sedentary (1954) [Town and environs of Pare]
SCCS150-SCCS84-1,Sedentary (1958) [Tihingan village]
SCCS150-SCCS85-1,Sedentary; impermanent (1950) [Ulu Ai group]
SCCS150-SCCS86-1,Nomadic (1963) [Tawi-Tawi and adjacent islands]
SCCS150-SCCS87-1,Sedentary (1910) [Bare'e subgroup]
SCCS150-SCCS88-1,Sedentary (1900) [Tobelo District]
SCCS150-SCCS89-1,Sedentary (1938) [Abui of Atimelang village]
SCCS150-SCCS9-1,Nomadic (1930) [Tribe]
SCCS150-SCCS90-1,Nomadic (1929) [Tribe: Melville Island]
SCCS150-SCCS91-1,Nomadic (1896) [Alice Springs and environs]
SCCS150-SCCS92-1,Sedentary (1925) [Aiga subtribe]
SCCS150-SCCS93-1,Sedentary (1960) [Bamol village]
SCCS150-SCCS94-1,Sedentary (1955) [Botukebo village]
SCCS150-SCCS95-1,Sedentary (1937) [Hongwam subtribe]
SCCS150-SCCS96-1,Sedentary (1929) [Peri village]
SCCS150-SCCS97-1,Sedentary (1930) [Lesu village]
SCCS150-SCCS98-1,Sedentary (1914) [Kiriwina Island]
SCCS150-SCCS99-1,Sedentary (1939) [Northeastern group]